Sitename,CY 3-month Trend/Units of Work,PY adj 3-month Trend/Units of Work,% Change
4147-Carlyle - 8th Street,1.1655,0.405,187.43%
5151-Denver - Enterprise Park,3.2668,1.650,98.00%
3973-Milwaukee - U.S. Bank Center,2.8169,1.495,88.38%
6591-Earth City - 3180 Rider Trail,2.1354,1.134,88.36%
6343-St. Louis - Bissell Hills,2.3146,1.258,83.97%
3691-Iowa City - Washington,1.5587,0.919,69.54%
8691-The Dalles - Washington,1.6325,0.983,65.99%
8016-Great Falls - 10th Avenue HB,2.8342,1.727,64.09%
5717-Salt Lake City - County,2.3325,1.425,63.63%
8179-Bellevue - Highlands,1.2882,0.788,63.56%
7324-Fargo - West Acres & Drive-Up,3.8992,2.404,62.17%
3976-Milwaukee - Juneau Square,2.0658,1.277,61.75%
4760-Lombard,4.0855,2.544,60.59%
3080-Duluth - Kenwood,2.7497,1.715,60.32%
9078-Chester - Main,1.3545,0.856,58.26%
6449-Lake St. Louis - Lake St. Loui,2.2271,1.458,52.75%
1530-St. Paul - East,1.1062,0.728,51.89%
2307-Mentor - East,2.3798,1.571,51.49%
6474-Neelyville - Hwy 67,2.6236,1.732,51.45%
2918-Knoxville - Bearden,1.3718,0.908,51.07%
9758-Dana Point - Del Obispo,1.7550,1.162,50.97%
9095-Eureka - Henderson Center,0.7615,0.505,50.81%
6360-Cape Girardeau - William,1.7680,1.182,49.53%
8393-Warden - S Main,1.5363,1.032,48.83%
8621-Portland - Eastport,1.9970,1.345,48.48%
3358-Princeton,2.3554,1.587,48.40%
9699-San Diego - La Jolla Commons,0.0327,0.022,47.48%
5884-Council - Illinois,1.3403,0.909,47.38%
9010-Los Angeles - Boyle Heights,1.6355,1.112,47.05%
2415-Willoughby - Erie,1.7898,1.227,45.84%
8595-Ontario - SW First,1.2612,0.865,45.73%
9334-Santa Rosa - Montgomery Village,1.3563,0.935,45.06%
9744-Victorville - Bear Valley,1.9767,1.374,43.86%
4224-Normal - Bloomington,2.1801,1.522,43.28%
7626-Moriarty - Route 66,2.2585,1.581,42.84%
4374-Chicago - Englewood DU,4.0820,2.863,42.59%
5887-Emmett - S. Washington,1.6226,1.142,42.04%
5900-Jerome - S Lincoln,0.9363,0.663,41.24%
9160-Twain Harte - Twain Harte Driv,1.1407,0.811,40.73%
9072-Arcata - G Street,1.0751,0.765,40.59%
8338-Seattle - White Center,0.7933,0.565,40.37%
9332-Santa Cruz,1.2362,0.884,39.89%
7767-Omaha - Grover,1.7253,1.244,38.71%
9285-Benicia,1.2275,0.885,38.69%
8080-Billings - West,1.0091,0.728,38.61%
2167-Columbus - Bexley,1.3524,0.978,38.27%
4161-Cobden - Marion,1.6121,1.173,37.45%
3186-St. Cloud - Midtown,0.8671,0.635,36.54%
2112-Cincinnati - Norwood,1.2823,0.943,36.04%
8989-Signal Hill - Cherry Ave,1.7613,1.297,35.82%
5425-Orem - 1220 S State,2.1958,1.619,35.66%
5772-Elko - Main,1.5923,1.175,35.55%
3641-Centerville - Jackson St,0.3699,0.273,35.40%
8322-Seattle - Magnolia,1.3041,0.964,35.30%
8883-Los Angeles - La Brea,1.7124,1.273,34.48%
9734-Sun City,2.2420,1.672,34.11%
8577-Medford - North Medford,1.6360,1.224,33.62%
9110-Loomis - Taylor,1.4497,1.086,33.46%
5633-Lakewood - Green Mountain,1.2392,0.931,33.17%
2205-East Cleveland - Forest Hills,1.2840,0.967,32.75%
1812-Columbia Heights,1.3458,1.015,32.63%
6890-Prairie Village - 95th Street,3.7807,2.852,32.54%
4564-Paducah - 333 Broadway (Main),1.8963,1.434,32.22%
9975-Riverside - Orangecrest,2.2195,1.679,32.20%
8903-Placentia - E Yorba Linda,1.2178,0.921,32.17%
1311-Minneapolis - St Anthony Falls,1.6751,1.269,32.02%
9993-Pomona - West Mission,1.4691,1.117,31.54%
9106-Hayward - Hesperian,1.0906,0.830,31.43%
6634-Bryant - Commerce,1.7888,1.362,31.38%
1651-Minneapolis - West Broadway,1.4127,1.077,31.14%
9096-Fairfield - Travis,1.2102,0.928,30.48%
9192-El Toro - Lake Forest,0.9639,0.740,30.20%
8843-Milpitas - Seafood City,2.1000,1.614,30.14%
8891-Maywood - E Slauson,1.3609,1.046,30.06%
2808-Clarksville - Northpark Shop,2.8208,2.174,29.76%
9058-Tracy - W. Grant Line Road,1.3488,1.042,29.44%
4772-Oak Lawn - Cicero,0.8579,0.665,29.00%
9304-Novato,1.0113,0.784,29.00%
9737-La Quinta - 78435 Highway 111,1.8947,1.470,28.90%
9732-Yucca Valley - 57550-29 Palms,1.8010,1.402,28.47%
9165-Williams - E Street,2.2135,1.734,27.64%
8964-Poway - 13395 Poway,0.8998,0.705,27.56%
3880-Sussex - Main Street,1.2604,0.989,27.47%
5625-Erie,1.8478,1.450,27.46%
9959-Ontario - North Euclid,0.8929,0.701,27.34%
8311-Seattle - Burien,1.9014,1.494,27.31%
8571-Lincoln City - Fifth Street,0.7012,0.552,26.93%
9093-Eureka - 5th & I,0.6392,0.505,26.68%
1370-Cottage Grove,1.6724,1.320,26.67%
2823-Fayetteville - Main,0.8755,0.693,26.28%
9145-Sacramento - Oak Park,1.3338,1.057,26.17%
9140-Sacramento - Campus Commons,1.3446,1.066,26.11%
5784-Las Vegas - East Tropicana,3.1076,2.466,26.03%
3607-Davenport - Utica Ridge,0.8308,0.660,25.83%
9858-Bakersfield- Coffee Road,2.2712,1.809,25.53%
2248-Hilliard - Hilliard Rome,1.8496,1.475,25.40%
9754-Redwood City - Woodside,0.6168,0.492,25.34%
8485-Ashland - N. Second,2.0556,1.642,25.16%
8256-Moses Lake - E Third,1.6455,1.319,24.79%
5714-Salt Lake City - 70th South,1.6816,1.349,24.61%
8574-McMinnville - E. Third,1.1948,0.959,24.55%
9117-Modesto - Tully Road,1.3605,1.092,24.54%
8785-Los Angeles - Olympic & Figueroa,0.6336,0.509,24.49%
9958-Montclair - Central,2.4354,1.957,24.44%
5753-Las Vegas - Peccole Ranch,2.6415,2.125,24.32%
9155-Susanville - Main,1.4972,1.204,24.32%
2048-Bedford - Broadway,0.4688,0.377,24.27%
6366-Chesterfield - 1050 Woods Mill,1.2706,1.024,24.14%
3967-Mequon - Port Washington,1.2942,1.044,24.02%
2052-Botkins - South Mill,1.1598,0.936,23.87%
2491-Mason - Tylersville,1.1680,0.944,23.78%
8815-Big Bear Lake,0.8616,0.696,23.71%
4185-Galena - Gear Street Galena Sq,0.8502,0.687,23.69%
5709-Ogden - Washington Blvd,1.5053,1.221,23.27%
3188-Little Falls - Drive-Up,3.1005,2.516,23.25%
9166-Willows - Sycamore,2.0400,1.656,23.22%
9755-Palm Desert - 72260 Hwy 111,2.4456,1.985,23.21%
8657-Redmond - SW Sixth,1.7655,1.433,23.17%
9760-Banning - Highland Spgs (DSL),1.2670,1.029,23.09%
4151-Chicago - Rookery Bldg,0.3628,0.295,22.91%
8983-Temecula - 31990 Temecula,1.1259,0.916,22.85%
9075-Burney - Main,1.3991,1.140,22.78%
9845-Arroyo Grande,0.7456,0.608,22.70%
6082-Hartford,1.3089,1.067,22.62%
9234-San Diego - Point Loma,0.8779,0.717,22.50%
9972-Corona - Mira Loma,2.3679,1.935,22.39%
8783-Elk Grove - East Elk Grove,1.2914,1.055,22.37%
6060-Rapid City - Main,1.4054,1.148,22.37%
9951-Cathedral City,2.4681,2.019,22.25%
5715-Salt Lake City - Central,1.5652,1.280,22.25%
8862-Calabasas,1.0687,0.874,22.22%
9796-Anaheim - Anaheim Hills,1.3945,1.142,22.14%
9158-Truckee - Donner Pass,1.2564,1.032,21.70%
5808-Winnemucca - S. Bridge,0.5112,0.420,21.59%
9733-Irvine - Yale,1.4923,1.228,21.51%
9978-Moreno Valley - Fir Ave,1.7015,1.401,21.48%
6588-Willow Springs - East 3rd,0.8375,0.690,21.42%
6304-Pierre,0.6588,0.543,21.34%
9716-Fountain Valley - Magnolia,1.2148,1.001,21.33%
4350-New Albany - Silver & Spring,2.0617,1.700,21.27%
8373-Tacoma - Lincoln,1.3984,1.155,21.03%
6855-Topeka - Crosby Place,1.5937,1.319,20.81%
5636-Lakewood - Carr & DU,1.1575,0.959,20.67%
9745-Lancaster - West Lancaster,2.1663,1.796,20.64%
3674-Des Moines - Wakonda,1.6409,1.361,20.55%
4223-Niles - West Dempster,1.6655,1.382,20.48%
8396-Woodland - Goerig,1.3224,1.098,20.48%
9257-San Diego - 36th & El Cajon,2.2640,1.879,20.47%
3073-Duluth - Spirit Valley,1.0601,0.880,20.43%
4428-Berea - Chestnut Street,1.6995,1.412,20.37%
9714-Palm Springs - Palm Canyon,1.7657,1.467,20.34%
8965-Rancho Santa Fe - 16083 San Di,1.3934,1.158,20.31%
4043-Webster - Lakeland,1.4468,1.203,20.31%
7010-Bismarck Main,1.3033,1.083,20.30%
4531-Martin - Main Street,0.6630,0.552,20.14%
2890-Murfreesboro - Lokey,0.5594,0.466,20.05%
3010-Albert Lea,1.3345,1.112,20.00%
9074-Auburn - North Auburn,1.4225,1.186,19.94%
9164-Weed - Main,1.4732,1.229,19.88%
5060-Colorado Springs - Academy,1.7374,1.451,19.70%
3614-Ames - Theater Building,0.4451,0.372,19.68%
9303-Mill Valley,0.5543,0.463,19.65%
8282-Puyallup - South Hill 39th Ave,1.7035,1.425,19.51%
2139-Circleville - East Main,0.8331,0.697,19.48%
8963-Oceanside - Old Grove,1.2952,1.084,19.44%
9105-Hayward - Fairway Park,0.9777,0.820,19.28%
9022-San Diego - Kearney Mesa,1.0778,0.904,19.22%
2183-Columbus - Kingsdale,1.7459,1.465,19.19%
5912-Meridian - Cherry Lane,1.4868,1.248,19.18%
8177-Bellevue - Crossroads,2.9827,2.504,19.12%
9138-Sacramento - Alhambra,1.3165,1.106,19.06%
6535-St. Joseph - Robidoux Ctr,1.8072,1.519,18.95%
9091-Dublin - 11805 Dublin Blvd,1.1098,0.936,18.58%
4423-Augusta - Main Street,0.5631,0.475,18.56%
4454-Elsmere - Dixie Hwy,1.0471,0.884,18.46%
6529-Ste Genevieve - Market St.,1.3656,1.153,18.43%
2419-Xenia - Xenia Towne Square,1.3013,1.101,18.20%
2496-Medina - Medina Road,2.2587,1.911,18.19%
4372-Chicago - Cosmopolitan,1.0606,0.897,18.19%
8560-Klamath Falls - Town & Country,1.2465,1.056,18.09%
9147-Sacramento - West Sacramento M,2.2233,1.883,18.08%
9123-Patterson - Plaza Circle,1.0036,0.850,18.08%
9769-Hemet - South Sanderson,1.3869,1.175,18.08%
3654-Davenport - Division Street,3.3659,2.851,18.08%
8203-Edmonds - Fourth Ave,1.2134,1.028,18.06%
3040-Babbitt,0.8164,0.692,18.06%
9967-Beaumont,1.3336,1.130,18.01%
2166-Cleveland - Wilson Mills,1.1324,0.960,17.95%
4013-Rice Lake - Cedar Mall,1.5141,1.284,17.95%
9954-Rancho Cucamonga - Carnelian,1.1141,0.945,17.85%
8173-Auburn - 15th Street,1.8292,1.553,17.78%
9723-Los Gatos - Blossom Hill,1.3558,1.151,17.77%
9109-Livermore - Second Street,1.0182,0.865,17.66%
9742-Oceanside,1.4944,1.272,17.52%
9068-Alturas -N Main,1.1454,0.975,17.43%
9009-Los Angeles - Slauson-Crenshw,1.6415,1.400,17.28%
9973-Ontario - Ontario at Grove,2.1000,1.791,17.26%
4475-Hopkinsville - South Main,1.4332,1.224,17.14%
8968-San Diego - 9400 Mira Mesa,1.3010,1.111,17.05%
8879-Long Beach - Pacific Coast,1.4244,1.217,17.04%
2080-Cincinnati - Clifton,0.9058,0.774,16.99%
8204-Ellensburg - N. Pearl,2.0183,1.725,16.98%
8607-Portland - 39th & Salmon,1.9105,1.634,16.93%
9753-Mountain View - Grant Road,1.2161,1.040,16.90%
4412-Sauk Village - Sauk Trail,2.6286,2.250,16.83%
7150-Fargo - North,1.5016,1.285,16.81%
6372-Columbia - Business Loop,1.5453,1.323,16.80%
8012-Hamilton - First Street HB,1.0591,0.907,16.73%
9759-Rancho Santa Margarita,1.7699,1.516,16.73%
9069-Anderson - Childress,1.8835,1.614,16.69%
6553-St. Louis - Netherton,1.4704,1.263,16.45%
8518-Corvallis - NW Monroe,0.8740,0.751,16.42%
9984-Indio - Jackson,1.9061,1.638,16.35%
9726-San Jose - Foxworthy,1.1926,1.025,16.35%
2181-Columbus - Henderson Road,1.6961,1.458,16.31%
1323-Hopkins - Excelsior,1.7806,1.532,16.23%
4576-Pikeville - North Mayo Trail,3.4354,2.957,16.18%
9869-Rancho Cordova - Zinfandel,1.0990,0.946,16.13%
8605-Portland - 23rd & Lovejoy,1.4050,1.210,16.09%
6297-Creve Coeur - Olive Blvd,1.9630,1.692,15.99%
2833-Manchester - Hillsboro,2.2139,1.910,15.90%
6874-Kansas City - Turner Road,1.2639,1.091,15.87%
4359-Richmond - University,4.3498,3.759,15.73%
9718-Victorville - 7th Street,1.8282,1.582,15.56%
9947-Claremont - 393 Foothill,1.0969,0.949,15.53%
9169-Yreka - W. Center,1.1926,1.034,15.29%
8912-Sherman Oaks - Ventura,1.6320,1.416,15.27%
8808-Sheridan,1.1607,1.007,15.22%
9170-Yuba City - Colusa,1.3631,1.183,15.18%
8863-Corona - Grand Oaks,0.9133,0.793,15.11%
7505-Gilbert - San Tan Village,1.3586,1.181,15.08%
4462-Franklin - South Main,1.6231,1.411,15.02%
6525-St. Charles - Harvester,1.8492,1.608,15.01%
6425-Kansas City - Blue Ridge,1.7419,1.515,14.97%
2920-Knoxville - Hardin Valley,1.5257,1.328,14.92%
6498-Rolla - 6th St,1.2327,1.073,14.91%
8678-Scappoose - Columbia River,1.0388,0.905,14.79%
2109-Cincinnati - Mount Washington,1.4777,1.287,14.78%
6441-North Kansas City - Ops Center,0.9713,0.847,14.69%
7523-Tucson - Broadway & Pantano,1.4829,1.295,14.53%
8958-El Cajon - Rancho San Diego,1.5055,1.315,14.49%
3624-Boone - Story Street,0.9750,0.852,14.46%
5270-Arvada - West,1.3885,1.213,14.46%
8206-Ephrata - Basin,1.8827,1.645,14.42%
2243-Hamilton - Liberty Fairfield,2.1015,1.837,14.40%
9731-Escondido - East Valley,1.8888,1.651,14.38%
4025-St. Germain - Sunrise,2.1685,1.897,14.33%
5461-Broomfield,1.6212,1.418,14.33%
2124-Cincinnati - Queensgate,1.3033,1.140,14.30%
4221-Naperville - White Eagle,0.9948,0.870,14.29%
8198-Clarkston - Sixth,0.8451,0.740,14.23%
8859-Buena Park - Beach Blvd,1.0194,0.892,14.22%
7496-Phoenix - East Bell Road,2.7600,2.416,14.22%
1005-Naples - Strada Place,0.9834,0.861,14.21%
2898-Mt. Juliet - Paddocks Shopping,1.4650,1.283,14.18%
9880-Sacramento - Florin Road,1.3313,1.166,14.14%
6289-St. Louis - Maryland Heights,1.5357,1.346,14.11%
4373-Chicago - East Side,0.7972,0.699,14.04%
8700-Woodburn - Country Club,1.8248,1.601,14.00%
9189-Culver City - Sepulveda,1.4262,1.251,13.99%
5376-Las Vegas - Marcello Marketpl,2.4461,2.146,13.98%
8893-Montebello - W Beverly,1.7401,1.527,13.97%
6582-Washington - Hwys 47 & 100,2.6789,2.351,13.97%
4717-Calumet City,3.7360,3.279,13.94%
4578-Pikeville - South Mayo Trail,3.0817,2.706,13.90%
6641-Heber Springs - Main,1.7239,1.514,13.84%
8869-Hollywood - 6922 Hollywood,1.6606,1.459,13.84%
5815-Gardnerville,0.4504,0.396,13.80%
8865-Garden Grove - 12112 Valley Vw,2.4367,2.145,13.60%
9133-Redding - Pine & Placer,1.5713,1.384,13.57%
9738-San Bruno,0.5590,0.493,13.45%
9725-Fremont - 41298 Paseo Padre,2.0910,1.845,13.36%
8659-Roseburg - Garden Valley,1.1957,1.055,13.35%
9706-Norwalk - Pioneer,1.4666,1.294,13.35%
5640-Longmont,1.1943,1.054,13.35%
8491-Beaverton - 158th & Walker,1.5707,1.386,13.31%
2492-Cincinnati - Waterstone,1.8486,1.633,13.23%
3151-Rochester - East Circle Drive,1.8135,1.604,13.08%
1269-Minneapolis - Uptown Relo,1.3854,1.226,12.98%
7040-Jamestown,0.8006,0.709,12.90%
5426-Roy,1.0100,0.895,12.89%
9126-Pleasanton - Main,0.8142,0.722,12.82%
9751-Lancaster - Valley Central,1.5330,1.360,12.75%
4056-Wisconsin Rapids - Two Mile,1.1916,1.058,12.67%
3848-Mason City - Downtown,0.8800,0.781,12.66%
4358-Richmond - Promenade,5.3953,4.791,12.62%
8874-La Crescenta - 2649 Foothill,1.4304,1.271,12.57%
8707-San Diego - Ponderosa,1.4726,1.309,12.51%
5200-Pueblo - North,1.0476,0.931,12.51%
4228-Oak Park - Oak Park Avenue,1.1944,1.062,12.47%
9086-Corning - Solano,1.4976,1.332,12.47%
9728-Santa Clara,1.8371,1.634,12.44%
7316-Dickinson,0.9128,0.812,12.42%
8187-Bellingham - West Holly,0.7859,0.699,12.40%
6342-Ballwin - Manchester,2.5030,2.229,12.29%
8760-El Dorado Hills - White Rock,1.0616,0.947,12.05%
2036-Ashtabula - Park,0.8431,0.753,12.03%
2406-West Chester - Wetherington,2.5592,2.287,11.90%
8894-North Hollywood - Laurel Canyn,0.6761,0.604,11.89%
8489-Banks - Oak Way,1.4435,1.290,11.88%
9878-Laguna Woods - El Toro,0.9785,0.875,11.80%
5554-Loveland,1.1141,0.997,11.77%
7607-Albuquerque - Montgomery,1.7622,1.577,11.76%
1275-Chanhassen - Century Blvd,1.4878,1.331,11.74%
7794-Scottsbluff North,1.9836,1.776,11.70%
3635-Cedar Rapids - Council,1.4894,1.334,11.68%
3160-Rochester - 4th St.,1.7160,1.538,11.54%
9266-Los Alamitos - Pine Street,0.9053,0.812,11.54%
6889-Pittsburg - North Broadway,1.7246,1.547,11.47%
1923-Elk River - Holt Street,1.3952,1.252,11.41%
8705-Wilsonville - Town Center,0.9210,0.827,11.32%
2392-Versailles - East Main,0.8632,0.775,11.32%
4800-Westchester,2.1150,1.900,11.30%
7765-Omaha - Empire Park,3.0029,2.698,11.30%
9767-Indio - Highway 111,1.7826,1.602,11.29%
5963-Fairfield - Soldier Road,0.8730,0.785,11.21%
5314-Las Vegas - Ft Apache CB,3.1752,2.856,11.18%
8930-Campbell - S Bascom,1.9228,1.729,11.18%
2830-Jefferson City,2.8047,2.524,11.11%
5322-Sparks - D'Andrea CB,1.3958,1.256,11.10%
6418-Joplin - Southtown,1.1649,1.049,11.09%
6429-Kansas City - Central Avenue,1.1469,1.033,11.08%
4239-Rock Island - Quad Cities,0.6653,0.599,11.04%
4553-Owensboro - Carter Road,2.6619,2.398,11.01%
9945-San Dimas - 165 Bonita,1.5548,1.402,10.94%
2368-Sidney - Vandemark,0.8449,0.762,10.92%
9492-Chico - Chico East,1.9344,1.745,10.88%
4138-Benton - Public Square,0.9594,0.865,10.88%
5973-Driggs,0.9949,0.898,10.83%
2829-Hendersonville - East Main,1.4663,1.323,10.82%
5109-Denver - Parker Iliff,1.2969,1.171,10.79%
9270-Paramount - Paramount Blvd,0.9391,0.848,10.72%
9243-San Diego - Camino Del Rio,0.5373,0.486,10.65%
8810-Rock Springs,0.9759,0.882,10.61%
3646-Clinton - South Third,1.1415,1.033,10.49%
4420-Alexandria - Alexandria Pike,1.4651,1.326,10.47%
8573-Manzanita - Laneda,1.0573,0.957,10.44%
9957-La Verne - 1933 Foothill,1.7269,1.564,10.43%
6375-Crestwood - Watson Road,1.5242,1.381,10.40%
4120-Chicago - West Town,2.2960,2.080,10.39%
4243-Rockford - State Street,1.2544,1.137,10.35%
7425-Sun City - Bell Road,2.1336,1.935,10.26%
4566-Paducah - Lone Oak,2.1455,1.947,10.18%
4192-Glen Ellyn - Roosevelt,2.1886,1.987,10.16%
3642-Chariton - Braden Ave,0.4642,0.421,10.16%
3919-Delafield - Heritage Drive,1.3155,1.195,10.13%
5652-Pueblo Downtown,0.2595,0.236,10.07%
7005-Fargo Service Center,1.5533,1.412,10.03%
8506-Canby - Elm,1.3556,1.232,10.00%
8824-Cody,0.8060,0.734,9.88%
5941-Rupert - Fifth Street,0.0114,0.010,9.86%
8258-Mountlake Terrace - 232nd,2.0255,1.844,9.82%
9190-Downey,1.0463,0.953,9.79%
2240-Grove City - Columbus,1.6221,1.478,9.78%
2020-Ada - South Main,1.3507,1.230,9.77%
6356-Bridgeton - State,1.4149,1.289,9.77%
9776-Palmdale - Palmdale Blvd,1.9425,1.770,9.76%
8917-Sylmar - Foothill,2.2876,2.085,9.70%
4396-Lisle - Ogden,1.1528,1.051,9.67%
3802-Altoona,1.4918,1.361,9.63%
4425-Belfry - South Williamson,1.5293,1.395,9.61%
6465-Maryville - 120 S Main,1.2075,1.102,9.58%
9962-Corona - Corona Hills,1.4277,1.304,9.47%
4270-Wheeling - Wheeling Road,2.5283,2.310,9.47%
3703-Muscatine - Park Avenue,0.8800,0.804,9.44%
8877-Lake Forest - El Toro,0.9922,0.907,9.42%
7140-Fargo - South,1.4293,1.306,9.42%
9976-San Jacinto,1.5110,1.383,9.27%
9099-Fortuna - 11th & L,0.6574,0.602,9.27%
9711-Cerritos - South Street,1.3945,1.276,9.25%
8802-Evanston,1.3125,1.201,9.24%
2218-Fairfield - Patterson,1.5380,1.408,9.23%
2281-Parma-Snow Road,1.7367,1.590,9.20%
1580-Plymouth - Main,1.5064,1.380,9.20%
6389-Eureka - Hilltop Village Ctr,2.2334,2.048,9.08%
9970-Apple Valley - Bear Valley,1.3485,1.238,8.95%
5944-Sandpoint - Main,0.9582,0.880,8.92%
8695-Tillamook - Main,0.7068,0.650,8.73%
8861-Burbank - San Fernando,1.8370,1.690,8.73%
9966-Yucaipa,1.9880,1.828,8.72%
3983-Milwaukee - North @ 52nd,1.8074,1.663,8.66%
9070-Angels Camp - S. Main,0.8146,0.750,8.62%
4734-Elmwood Park - W Grand,1.6583,1.527,8.61%
8202-Davenport - Morgan,1.7658,1.626,8.58%
4257-Springfield - South 6th,2.4706,2.276,8.55%
8267-Othello - E Main,0.7963,0.734,8.54%
6635-Conway - Main,1.3807,1.272,8.52%
9263-Hacienda Heights - Hacienda Bl,0.8106,0.747,8.50%
9132-Redding - Dana,1.6970,1.564,8.49%
9064-Alameda - Santa Clara East Off,0.7381,0.680,8.49%
9098-Folsom - E. Bidwell,1.1830,1.091,8.47%
2213-Fairborn - Central,0.8192,0.755,8.44%
4615-Owensboro - Highland Pointe,1.8268,1.685,8.44%
5655-Park City - Park Place,1.2831,1.184,8.38%
9300-Martinez,0.9670,0.892,8.37%
3945-Janesville - Milton,1.1586,1.069,8.37%
8170-Anacortes - O Avenue,0.8542,0.789,8.33%
2854-Pleasant View,2.4145,2.230,8.29%
7615-Belen - Reinken,0.4014,0.371,8.28%
2305-Mayfield Heights - Mayfield Rd,1.1805,1.090,8.26%
4306-Dixon - Keul Road,1.2926,1.194,8.23%
4189-Glen Carbon - Hwy 159,1.5678,1.449,8.23%
3606-Des Moines - SW 9th Street,1.2374,1.144,8.15%
2202-Dublin - Frantz,1.7060,1.578,8.13%
2309-Miamisburg - Central,1.5056,1.393,8.08%
6396-Ferguson - Florissant,1.7321,1.603,8.02%
7774-Bellevue - Southroads,0.8310,0.769,8.01%
2371-Somerset - Public Square,0.4311,0.399,8.00%
2251-Hillsboro - North High,1.7484,1.619,8.00%
8531-Eugene - Santa Clara,1.4536,1.346,7.99%
2198-Dayton - Gettysburg,2.0096,1.861,7.99%
8940-Oakland - Montclair,0.4830,0.447,7.95%
2375-Springboro - North Main,1.9757,1.830,7.95%
8561-La Grande - Adams,0.9449,0.875,7.94%
8337-Seattle - West Seattle,1.0249,0.950,7.90%
3913-Butler - Hampton,0.9784,0.907,7.89%
4341-Hagerstown - West Main,3.1880,2.955,7.87%
1314-Anoka - West Main new loc,1.5206,1.410,7.84%
1763-Roseville - Snelling Avenue,1.5672,1.454,7.80%
3917-Cumberland - 2nd Avenue,1.3771,1.278,7.79%
4436-Bowling Green - Northgate,2.3183,2.151,7.78%
2863-Sparta - Main,1.9499,1.810,7.74%
1757-Minneapolis - Nokomis,1.1684,1.085,7.73%
3915-Chippewa Falls - Hallie,1.5360,1.426,7.72%
3706-Newton - West Second,0.9510,0.883,7.69%
4197-Highland - Highland Square,2.0731,1.928,7.53%
9200-La Mirada - Valley View,1.6397,1.526,7.48%
4039-Wautoma - Oshkosh,2.0389,1.897,7.46%
8040-Havre,0.4941,0.460,7.44%
2224-Fort Loramie - South Main,0.8319,0.775,7.37%
9497-Inglewood - Century & Club,1.1948,1.113,7.36%
1345-Burnsville - W Cty Road 42,1.6823,1.567,7.34%
9952-Rancho Cucamonga - Alta Loma,2.0971,1.954,7.31%
2081-Cincinnati - Colerain Hills,1.6186,1.509,7.27%
8221-Grandview - E. Second,0.7566,0.705,7.26%
9043-Del Mar,0.8554,0.798,7.26%
2107-Cincinnati - Montgomery,1.7980,1.676,7.25%
3904-Appleton - Grand Chute,1.8073,1.685,7.23%
8613-Portland - Burlingame,1.1120,1.038,7.12%
9256-San Diego - Ocean Beach,0.8815,0.823,7.07%
4724-Chicago - Chinatown Square,1.6025,1.497,7.01%
6546-St. Louis - Gravois Plaza,2.2065,2.062,6.98%
3020-Alexandria,1.8016,1.685,6.92%
2524-Columbus - German Village Relo,1.0646,0.996,6.90%
8408-Yakima - Yakima Ave,2.0293,1.899,6.88%
4033-Waukesha - Sunset,2.1672,2.028,6.87%
1300-Apple Valley - Garrett Ave,0.9490,0.888,6.86%
2094-Cincinnati - Hyde Park Edwards,1.2541,1.174,6.85%
6484-Perryville - Saint Maries,0.9904,0.927,6.84%
9087-Crescent City - Third St,0.6419,0.601,6.81%
5547-Aurora - Hampden Crossing,2.1403,2.004,6.78%
2807-Clarksville - Madison St.,0.6919,0.648,6.78%
8643-Portland - Sandy Blvd,1.3173,1.234,6.78%
6020-Sioux Falls - Main,1.4758,1.382,6.76%
9324-San Francisco - North Beach,0.0663,0.062,6.73%
1758-Minnetonka - Plymouth Rd,1.7001,1.593,6.73%
8697-Vale - A Street,1.0503,0.984,6.70%
9707-Fullerton - Chapman,1.6901,1.584,6.69%
4215-Mundelein - Lake Street,5.9573,5.584,6.68%
1330-Bloomington - Lyndale,1.7195,1.612,6.65%
3893-Madison - University Square,1.4255,1.337,6.64%
4441-Cold Spring - Main,1.2000,1.125,6.62%
6685-Van Buren - Pointer Trail,1.7573,1.649,6.60%
4495-Louisville - Brownsboro,2.1873,2.052,6.58%
4770-Chicago - North Ave DU,2.7340,2.565,6.57%
7603-Albuquerque - Juan Tabo,1.0670,1.001,6.57%
6560-St. Louis - St. Louis Hills,1.3555,1.272,6.55%
4344-Lawrenceburg - Aurora Road,1.8961,1.780,6.54%
9740-San Jose - The Villages,1.1534,1.083,6.49%
6887-Overland Park - Hawthorne,1.2611,1.184,6.49%
8871-Huntington Beach - Beach Blvd,0.5951,0.559,6.47%
7612-Albuquerque - Sycamore,1.5117,1.420,6.46%
9938-Largo - Building 1,0.9118,0.857,6.45%
9364-Ontario - Inland Empire Blvd,1.4155,1.330,6.44%
2187-Columbus - Route 161,1.6209,1.523,6.41%
8455-Ladera Ranch - Mercantile W Shop,1.1423,1.074,6.36%
6070-Rapid City - Western,1.5869,1.492,6.36%
7608-Albuquerque - Nob Hill,2.6326,2.477,6.29%
9747-Hesperia - 16832 Main,1.7757,1.671,6.24%
4741-Frankfort,2.0229,1.904,6.24%
2521-Mentor - Lake Mentor,1.1101,1.045,6.20%
1600-Robbinsdale,1.2232,1.152,6.19%
2456-New Albany - Miller & Main,0.9303,0.876,6.17%
8886-Los Angeles - Los Feliz,1.3048,1.231,6.02%
5908-Malad City - 25 East,0.6073,0.573,6.00%
3612-Ames - Main Street,1.0416,0.983,5.99%
3724-Spencer - Grand,1.9035,1.796,5.98%
1810-Minneapolis - Centre Village,1.0430,0.984,5.98%
2357-Russia - West Main,1.1619,1.097,5.96%
4603-Hebron - 2121 North Bend,0.9881,0.933,5.93%
2384-Tipp City - West Main,2.2167,2.094,5.87%
3981-Milwaukee - Mitchell @ 10th,2.4656,2.330,5.82%
6479-O'Fallon - O'Fallon Square,1.7492,1.653,5.81%
8394-Wenatchee - N Mission,1.0060,0.951,5.79%
7727-Lincoln - Edgewood,1.7786,1.681,5.79%
4575-Pikeville - Main Street,1.3362,1.264,5.73%
8600-Pendleton - SW Court,0.9794,0.927,5.69%
2191-Columbus - Worthington Hills,1.1447,1.083,5.67%
9216-Santa Fe Springs - Telegraph,0.9641,0.912,5.66%
4183-Freeport - SW Plaza,1.9317,1.829,5.63%
9974-Palm Desert - Univ Village,1.9429,1.840,5.61%
8614-Portland - Bybee & Milwaukie,1.2010,1.138,5.57%
2839-Nashville - Bellevue Mall,1.8521,1.755,5.56%
8352-Spokane - Manito,1.2782,1.211,5.51%
9119-Napa - Jefferson,1.4239,1.350,5.45%
5030-Aurora - 941 S Havana,1.1900,1.129,5.37%
5706-Midvale - South State,1.3022,1.236,5.36%
2453-West Chester - Union Centre,1.0495,0.996,5.36%
3712-Ottumwa - Pickwick,1.4563,1.383,5.33%
6475-Neosho - Neosho Blvd,2.2370,2.124,5.33%
8276-Port Townsend - Water Street,0.7351,0.698,5.29%
5250-Colorado Springs - Pike's Peak,1.6433,1.561,5.27%
9953-Twenty-Nine Palms,1.6642,1.581,5.24%
3190-Owatonna,1.3124,1.247,5.23%
7721-Kearney - Main,1.3982,1.329,5.23%
5895-Homedale - S. Main,1.3611,1.294,5.17%
3030-Austin - Main,1.5205,1.446,5.13%
2131-Cincinnati - University,0.7070,0.673,5.13%
5826-Reno - Summit Sierra,1.1255,1.071,5.11%
4141-Bolingbrook - Bolingbrook Dr,1.4020,1.334,5.11%
2444-Rocky River,1.1606,1.104,5.09%
9137-Roseville - Estates,0.9238,0.879,5.08%
3718-Rock Rapids - South 2nd,0.5193,0.494,5.08%
9154-South Lake Tahoe,0.7177,0.683,5.07%
7439-Phoenix - 35th & Southern,1.1966,1.139,5.06%
8683-Sisters - W Hood,1.2275,1.168,5.05%
9749-Redlands - 640 Orange,1.2723,1.212,5.00%
3708-Onawa - 10th Street,0.8991,0.857,4.96%
7090-Grand Forks - Medical Park,1.5847,1.510,4.95%
5910-McCall - N Second,1.3196,1.258,4.91%
1440-Plymouth Four Seasons,1.8705,1.783,4.89%
6559-St. Louis - Southwest Ave,0.7957,0.759,4.85%
9971-Hesperia - 14075 Main,1.7463,1.666,4.80%
6579-Warrenton - Old Hwy 40,2.0178,1.925,4.80%
9942-Upland - East Foothill,2.0474,1.954,4.76%
8915-Stanton - Beach Blvd,1.5890,1.518,4.70%
4431-Bowling Green - Cave Mill,2.5018,2.390,4.67%
3943-Hartland - Capitol,1.8475,1.767,4.57%
2389-Troy - West Main,1.6814,1.608,4.54%
2847-Hermitage,2.3853,2.282,4.52%
8364-Sunnyside - 7th & Franklin,1.3927,1.333,4.46%
2345-Piqua - North College,2.4925,2.386,4.45%
6881-Merriam - Shawnee Mission,2.0831,1.995,4.44%
4512-Louisville - McMahan Plaza,2.1734,2.081,4.44%
9987-Rancho Cucamonga - Milliken,1.0333,0.990,4.41%
9311-Rohnert Park,0.9093,0.871,4.41%
7881-Omaha - 72nd & Dodge,2.2953,2.199,4.40%
4608-Louisville - Middletown,2.1217,2.033,4.38%
7746-Norfolk - Drive-Up,3.5530,3.404,4.37%
4139-Bethalto - Airport Plaza,1.3250,1.270,4.36%
3994-Muskego - Janesville,1.3656,1.309,4.36%
8372-Tacoma - Lakewood,1.3654,1.309,4.33%
4195-Granite City - Nameoki Road,2.0642,1.980,4.28%
3324-Grand Rapids,1.4723,1.412,4.25%
4459-Florence - Hwy 42,1.6086,1.543,4.23%
7432-Scottsdale - 4253 N Scottsdale,1.6537,1.587,4.20%
3631-Cedar Falls - College Square,2.2379,2.148,4.19%
8556-Junction City - W Sixth,0.8650,0.830,4.17%
6521-Springfield - St. Louis,1.1773,1.130,4.17%
9020-El Cajon - East County,2.3242,2.232,4.14%
5797-Reno - Kietzke & Peckham,1.0017,0.962,4.14%
3668-Des Moines - Highland Park,1.7758,1.705,4.13%
8156-Vancouver - Orchards,2.1420,2.058,4.11%
2889-Murfreesboro - Westside,2.0305,1.950,4.10%
3179-Sartell - Pinecone Rd,1.1332,1.089,4.03%
2169-Columbus - Schofield Dr,1.1699,1.125,4.01%
3735-Waterloo - Cedar St,3.6352,3.495,4.01%
2200-Delphos - Elida,1.7229,1.657,3.99%
2297-Lucasville - Hwy 23,1.8901,1.818,3.97%
8514-Coos Bay - W Anderson,1.2237,1.177,3.97%
6486-Plattsburg - South Main,1.9706,1.897,3.90%
5323-Stateline - Kingsbury CB,2.1234,2.044,3.89%
4461-Fort Thomas - Highland,0.8252,0.794,3.88%
2033-Anna - West Main,0.7145,0.688,3.82%
9750-Lancaster - East Lancaster,1.4969,1.442,3.82%
6381-Des Peres - Manchester,1.6247,1.565,3.82%
2161-Cleveland - Shaker Square,1.3566,1.307,3.82%
1490-White Bear Lake - Lakewood,1.9736,1.901,3.79%
8517-Corvallis - North Corvallis,1.0581,1.020,3.78%
3984-Milwaukee - Good Hope,1.3705,1.321,3.75%
9111-Manteca - Cherry Lane,0.6047,0.583,3.74%
5475-Lakewood - Westland,1.4652,1.412,3.74%
5632-Fort Collins - Horsetooth DU,1.8787,1.811,3.73%
6655-Little Rock - Hamilton Ops Ctr,0.9484,0.914,3.72%
4131-Alton - North,3.1988,3.085,3.69%
5747-Gardnerville,1.3620,1.314,3.69%
4125-Elk Grove Village - Lively Blvd,1.8645,1.798,3.68%
6574-Union - Oak,2.1301,2.055,3.66%
6488-Poplar Bluff - Westwood,1.8298,1.765,3.65%
5168-Westminster - Church Ranch,2.5093,2.421,3.65%
5126-Estes Park - Elkhorn Ave WSB,1.2610,1.217,3.63%
2866-Springfield - Memorial Blvd,1.3275,1.281,3.61%
4032-Two Rivers - Washington,1.2260,1.184,3.58%
2460-Akron - Ellet Canton,2.2553,2.177,3.57%
2925-Sevierville - Parkway,0.9350,0.903,3.56%
3685-Dubuque - West JFK,3.5178,3.398,3.53%
8339-Sedro Woolley - Woodworth,0.7613,0.735,3.52%
4337-Connersville - North,1.6140,1.559,3.50%
7530-Bullhead City,2.7242,2.632,3.48%
8584-Milwaukie - Oak Grove,2.6101,2.523,3.47%
8562-La Pine - Main,1.2340,1.193,3.43%
9124-Placerville - Sacramento,0.6782,0.656,3.42%
3732-Vinton - West 4th,0.9761,0.944,3.42%
4802-Westmont - Cass,1.3985,1.353,3.38%
6481-Olivette - Olive Blvd,0.7023,0.679,3.38%
5896-Idaho Falls - First Street,0.6793,0.657,3.37%
2209-Elyria - Midway Blvd,1.2054,1.166,3.36%
3616-Ames - University Drive-up,3.5580,3.443,3.34%
5556-Denver - Monaco Square,2.6073,2.523,3.34%
4354-Richmond - 800 East Main,0.9719,0.941,3.27%
5928-Payette - S. Main,0.8756,0.848,3.25%
5778-Incline Village - Tahoe Blvd,0.5591,0.542,3.21%
4156-Chicago - Edgewater,1.3989,1.355,3.21%
3940-Greendale - Southridge,1.6059,1.556,3.20%
8288-Renton - Data Center,1.4080,1.364,3.20%
6489-Potosi - High Street,1.3552,1.314,3.17%
3120-Hibbing & Autobank,1.1693,1.134,3.13%
8524-Estacada - SW Second,1.2080,1.171,3.12%
3748-Waterloo - Commercial St,2.0031,1.943,3.09%
8909-Santa Clarita - Sierra Hwy,1.2061,1.171,3.03%
5315-Las Vegas - Hualapai CB,2.0610,2.001,3.02%
5927-Parma - Third & Grove,1.1747,1.141,2.99%
3960-Manitowoc - Washington,0.6689,0.650,2.98%
6483-St. Louis - Overland,2.2137,2.150,2.97%
9361-Sacramento - Capitol Mall,0.1279,0.124,2.95%
2108-Cincinnati - Mount Healthy,0.8880,0.863,2.94%
9339-Vallejo,1.4107,1.371,2.90%
9964-Fontana - Cherry Ave,1.5236,1.481,2.89%
4007-Portage - Northridge,0.9616,0.935,2.88%
5719-Salt Lake City - Holladay,1.2224,1.188,2.86%
3930-Fond du Lac - South Main,0.8179,0.795,2.85%
3722-Sioux City - Morningside,1.5268,1.484,2.85%
2347-Port Clinton - East 2nd,1.2217,1.188,2.83%
6876-Lawrence - 9th & TN St.,2.0836,2.027,2.82%
3627-Burlington - West Ave,0.9572,0.931,2.81%
4129-Vernon Hills - North Milwaukee,1.5304,1.489,2.79%
3903-Appleton - Durkee Main,0.9999,0.973,2.77%
8546-Hermiston - SE Second,1.2560,1.223,2.73%
2075-Cincinnati - Anderson Hills,1.4278,1.390,2.68%
8383-Vancouver - Andresen,1.2414,1.209,2.64%
2526- Fairlawn- W Market,1.2512,1.219,2.63%
6506-St. Louis - Tesson Ferry,2.1711,2.115,2.63%
2162-Cleveland - South Garfield,1.4111,1.375,2.62%
2825-Franklin - Mallory Lane,2.2269,2.170,2.61%
2060-Cambridge - East Wheeling,1.2886,1.256,2.60%
7531-Kingman,1.8137,1.769,2.55%
2126-Cincinnati - Roselawn,0.8549,0.834,2.53%
4376-Chicago - Irving Park,0.9539,0.930,2.53%
4153-Chicago - Belmont,1.1993,1.170,2.52%
2416-Worthington - High Street,1.9389,1.892,2.49%
6667-Mountain Home - Main,0.9630,0.940,2.49%
4036-Wausau - 5th Street (Main),1.1943,1.165,2.48%
5668-Denver - Tech Center,1.6923,1.652,2.43%
5873-Burley - Main,0.8399,0.820,2.42%
7700-Blair - Main,0.9775,0.955,2.37%
5375-Sparks - Pyramid & Los Altos,0.7128,0.697,2.33%
1450-St. Paul - Grand,0.8107,0.792,2.31%
4262-Sterling - 4th Avenue,1.0456,1.022,2.29%
5847-Boise - Broadway,1.2037,1.177,2.28%
2344-Pickerington - Stonecreek,1.0458,1.023,2.26%
9122-Paradise - Skyway,1.4207,1.390,2.22%
5660-Pueblo - Regency,1.4132,1.383,2.19%
9305-Pacifica,0.5770,0.565,2.16%
7635-Santa Fe - San Mateo,1.0223,1.001,2.14%
5132-Glenwood Springs - Main WSB,1.2425,1.217,2.13%
2043-Batavia - Eastgate Cincinnati,1.9556,1.915,2.11%
2299-Malvern - North Reed,0.8957,0.877,2.11%
6886-Overland Park - 87th Street,1.1804,1.156,2.08%
7050-Minot - Main,1.0354,1.014,2.07%
2383-Tiffin - West,1.0317,1.011,2.03%
5916-Moscow - Blaine,1.1980,1.174,2.02%
2399-Warrensville Hts-Emery Rchmond,1.2372,1.213,1.99%
4177-Fairview Hts - Illinois Street,2.5170,2.468,1.97%
4498-Louisville - St. Matthews,1.2633,1.239,1.96%
8020-Butte,1.1723,1.150,1.91%
4232-Palatine - Rand Road,2.1568,2.117,1.90%
2802-Church Hill - East Main,1.0469,1.028,1.88%
8570-Lebanon - Southgate,1.5207,1.493,1.88%
4427-Benton - Draffenville,1.4870,1.460,1.85%
3060-Cloquet,0.5050,0.496,1.82%
6885-Overland Park - 119th Street,2.5393,2.494,1.81%
9084-Concord - Clayton Road,1.2349,1.213,1.79%
3969-Milwaukee - Capitol @ Lisbon,1.8044,1.773,1.77%
9735-Elk Grove - 5000 Laguna,1.1611,1.141,1.76%
5727-Sandy - South Towne,1.9883,1.954,1.75%
9346-San Ysidro - Las Americas,1.1307,1.112,1.72%
4137-Belleville - East,1.3406,1.318,1.70%
5423-Layton - W Hill Field,1.7778,1.749,1.67%
9977-Adelanto - Palmdale,1.4511,1.428,1.63%
5703-Hurricane - W. State,1.1016,1.084,1.61%
6373-Columbia - Forum,1.6995,1.673,1.61%
6464-Marshfield - 759 Jackson,1.9784,1.947,1.60%
8264-Oak Harbor - NE Midway,0.7672,0.755,1.60%
9264-Irvine - Barranca Pkwy,2.0016,1.970,1.59%
2350-Portsmouth - Gay Street,3.8551,3.796,1.57%
5886-Eagle - Valley,1.1071,1.090,1.57%
4174-Elk Grove Village - West Devon,1.3732,1.352,1.56%
8350-Spokane - Indiana,1.3157,1.296,1.55%
8323-Seattle - Northgate,0.7240,0.713,1.54%
5829-North Las Vegas - Aliante,1.9071,1.878,1.54%
6382-Dexter - Business Hwy,1.0651,1.049,1.53%
4536-Maysville - 1176 Hwy 68,2.6913,2.651,1.51%
4140-Bloomington - Eastland,0.8083,0.796,1.51%
4375-Chicago - Englewood,1.1648,1.148,1.46%
8236-Kent - N. 4th,0.8438,0.832,1.45%
4807-Woodridge,1.2427,1.225,1.45%
5952-Wendell - S Idaho,1.3219,1.303,1.42%
9258-Anaheim - West Lincoln,1.5754,1.553,1.42%
8576-Medford - E Main,1.3086,1.291,1.35%
2822-Dickson - College St,1.7292,1.706,1.34%
3736-Waterloo - Kimball,1.8842,1.859,1.34%
2513-Mariemont - Walton Creek,1.3120,1.295,1.30%
8519-Cottage Grove - N Seventh,0.5637,0.557,1.29%
5666-Littleton - Southwest Plaza,1.7522,1.730,1.27%
6507-Sedalia - State Fair,2.3249,2.296,1.26%
4744-Hanover Park- Irving Park,1.6063,1.588,1.17%
8547-Hillsboro - Tanasbourne,1.4959,1.479,1.14%
3354-Pine City,1.9865,1.965,1.10%
8521-Drain - First Street,0.8424,0.833,1.07%
3603-Cedar Rapids-Westdale Mall Relo,1.0573,1.046,1.07%
3972-Milwaukee - Farwell @ North,0.7042,0.697,1.00%
1773-West St. Paul - South Robert,1.6408,1.626,0.93%
5320-Reno - Damonte Ranch CB,1.4509,1.438,0.91%
7630-Rio Rancho - Rio Rancho Blvd,1.2657,1.255,0.88%
6352-Bowling Green - West Main,0.9448,0.937,0.86%
7366-Williston,2.2900,2.271,0.82%
6348-Blue Springs - North Hwy 7,1.7927,1.779,0.77%
6658-Little Rock - Park Plaza West,2.6606,2.641,0.74%
4414-Lemont - State,1.6060,1.595,0.71%
1741-Andover - Bunker Lake,1.9851,1.972,0.67%
5935-Post Falls - E Seltice,1.0297,1.023,0.65%
2410-Westlake - Promenade,1.3185,1.311,0.60%
2282-St. Paul - Holman Field Hangar,0.2483,0.247,0.58%
4382-Chicago - West Garfield,0.2593,0.258,0.56%
8246-Longview - Hudson,0.9269,0.922,0.55%
6376-Creve Coeur - Bellerive,1.8200,1.811,0.51%
3650-Council Bluffs - 421 Broadway,0.4276,0.425,0.50%
8259-Mt. Vernon - Riverside,1.8482,1.841,0.40%
8500-Bend - Deschutes Country,1.1447,1.140,0.39%
6415-Joplin - Main,1.0737,1.070,0.38%
2039-Avon Lake - Walker,1.7710,1.764,0.38%
6520-Springfield - Kearney,3.1701,3.159,0.35%
3667-Des Moines - East Euclid,1.6439,1.638,0.35%
9121-Oroville - Oro Dam,2.4825,2.474,0.35%
2138-Cincinnati - Dalton St,2.2649,2.257,0.33%
6534-St. Joseph - Beltway,0.7675,0.765,0.31%
3176-Mankato - City Center,0.6519,0.650,0.30%
8829-Panorama City - Valley Gateway,1.7967,1.792,0.27%
5903-Kuna,0.5335,0.532,0.25%
6423-Kansas City - Red Bridge,1.0421,1.040,0.23%
4629-Fort Mitchell,1.7830,1.779,0.20%
8504-Brookings - Fifth St,0.8080,0.807,0.17%
8488-Baker City - Main,1.1070,1.105,0.15%
8596-Oregon City - Hilltop,1.4563,1.455,0.12%
5230-Grand Junction - Main,2.1260,2.124,0.11%
1380-Eagan - Krestwood Lane,1.0082,1.007,0.09%
9752-Cudahy,1.3664,1.365,0.09%
2280-Berea 98 Front St,1.1302,1.130,0.04%
3336-Monticello,1.8482,1.847,0.04%
2079-Cincinnati - Brentwood,1.5275,1.527,0.01%
1371-Charlotte - Blakeney,0.0000,0.000,0.00%
1388-Brooklyn - Montague - MUB,0.0000,0.000,0.00%
1389-Manhattan - Park Ave - MUB,0.0000,0.000,0.00%
1422-Charlotte - Huntersville,0.0000,0.000,0.00%
1433-New England Place,0.0000,0.000,0.00%
1453-Omaha - Candlewood,0.0000,0.000,0.00%
1735-Minneapolis - 3600 Lake St,0.0000,0.000,0.00%
1937-St. Paul - West Side Flats Pkg,0.0000,0.000,0.00%
2540-Agoura Hills - Thousand Oaks - MUB,0.0000,0.000,0.00%
2541-Alamo - MUB,0.0000,0.000,0.00%
2545-Arcadia - W Huntington - MUB,0.0000,0.000,0.00%
2547-Atascadero - MUB,0.0000,0.000,0.00%
2548-Auburn - Lincoln Way - MUB,0.0000,0.000,0.00%
2549-Bakersfield - University Ctr - MUB,0.0000,0.000,0.00%
2550-Bakersfield-Stockdale Village-MUB,0.0000,0.000,0.00%
2551-Bakersfield - East Hills - MUB,0.0000,0.000,0.00%
2552-Barstow - MUB,0.0000,0.000,0.00%
2554-Bellflower - Alondra Blvd - MUB,0.0000,0.000,0.00%
2555-Berkeley - Shattuck Ave - MUB,0.0000,0.000,0.00%
2556-Beverly Hills-9460 Wilshire-MUB,0.0000,0.000,0.00%
2558-Bishop - N Main - MUB,0.0000,0.000,0.00%
2560-Blue Jay - MUB,0.0000,0.000,0.00%
2561-Blythe - MUB,0.0000,0.000,0.00%
2566-Brea - Gateway Ctr - MUB,0.0000,0.000,0.00%
2567-Buena Park - La Palma - MUB,0.0000,0.000,0.00%
2571-Burlingame - Howard Ave - MUB,0.0000,0.000,0.00%
2572-Camarillo - Ponderosa - MUB,0.0000,0.000,0.00%
2574-Capitola - MUB,0.0000,0.000,0.00%
2575-Carlsbad - La Costa - MUB,0.0000,0.000,0.00%
2577-Carlsbad-Poinsettia Village-MUB,0.0000,0.000,0.00%
2578-Carmel - Rancho Lane - MUB,0.0000,0.000,0.00%
2579-Carpinteria - MUB,0.0000,0.000,0.00%
2580-Chatsworth - MUB,0.0000,0.000,0.00%
2581-Chino Hills - Crossroads - MUB,0.0000,0.000,0.00%
2582-Chula Vista - Castle Park - MUB,0.0000,0.000,0.00%
2583-Chula Vista - Eastlake - MUB,0.0000,0.000,0.00%
2584-Chula Vista - Island - MUB,0.0000,0.000,0.00%
2587-Citrus Heights-Sunrise Blvd-MUB,0.0000,0.000,0.00%
2588-City of Industry - Colima Rd - MUB,0.0000,0.000,0.00%
2590-Clovis - E Herndon - MUB,0.0000,0.000,0.00%
2591-Coalinga - MUB,0.0000,0.000,0.00%
2593-Corona - Rimpau Ave - MUB,0.0000,0.000,0.00%
2595-Coronado - MUB,0.0000,0.000,0.00%
2597-Corte Madera - MUB,0.0000,0.000,0.00%
2598-Costa Mesa - Adams - MUB,0.0000,0.000,0.00%
2600-Daly City - Westlake - MUB,0.0000,0.000,0.00%
2601-Dana Point - Lighthouse - MUB,0.0000,0.000,0.00%
2602-Danville - MUB,0.0000,0.000,0.00%
2605-Del Mar - Plaza - MUB,0.0000,0.000,0.00%
2606-Delano - MUB,0.0000,0.000,0.00%
2607-El Cajon - 2nd St - MUB,0.0000,0.000,0.00%
2609-El Centro - MUB,0.0000,0.000,0.00%
2611-Encinitas - D St - MUB,0.0000,0.000,0.00%
2612-Encinitas - East Encinitas - MUB,0.0000,0.000,0.00%
2613-Encino - 16633 Ventura - MUB,0.0000,0.000,0.00%
2614-Escondido - W Grand - MUB,0.0000,0.000,0.00%
2616-Fallbrook - Mission - MUB,0.0000,0.000,0.00%
2617-Felton - MUB,0.0000,0.000,0.00%
2618-Fillmore - MUB,0.0000,0.000,0.00%
2622-Fremont - 39305 Paseo Padre - MUB,0.0000,0.000,0.00%
2624-Fresno - West Fresno - MUB,0.0000,0.000,0.00%
2626-Fresno - Fashion Fair - MUB,0.0000,0.000,0.00%
2627-Fresno - Shaw & Marks - MUB,0.0000,0.000,0.00%
2629-Fresno - N Fresno St - MUB,0.0000,0.000,0.00%
2630-Fresno - Cedar Tree Shopping - MUB,0.0000,0.000,0.00%
2632-Fullerton - Sunny Hills - MUB,0.0000,0.000,0.00%
2633-Fullerton - Harbor Blvd - MUB,0.0000,0.000,0.00%
2634-Garden Grove - Brookhurst - MUB,0.0000,0.000,0.00%
2635-Gardena - South Gardena - MUB,0.0000,0.000,0.00%
2636-Gardena - S Western - MUB,0.0000,0.000,0.00%
2638-Gilroy - West - MUB,0.0000,0.000,0.00%
2641-Glendora - Rte 66 - MUB,0.0000,0.000,0.00%
2642-Goleta - Fairview - MUB,0.0000,0.000,0.00%
2643-Goleta - Magnolia Center - MUB,0.0000,0.000,0.00%
2645-Hanford - MUB,0.0000,0.000,0.00%
2646-Hawthorne - MUB,0.0000,0.000,0.00%
2647-Hayward - B Street - MUB,0.0000,0.000,0.00%
2648-Hemet - E Florida - MUB,0.0000,0.000,0.00%
2649-Hermosa Beach - MUB,0.0000,0.000,0.00%
2651-Hollister - MUB,0.0000,0.000,0.00%
2652-Huntington Beach-Beach Blvd-MUB,0.0000,0.000,0.00%
2653-Huntington Beach - Adams Ave - MUB,0.0000,0.000,0.00%
2654-Huntington Beach-Seacliff Vill-MUB,0.0000,0.000,0.00%
2656-Irvine - Orange Cty Airport - MUB,0.0000,0.000,0.00%
2657-Irvine - The Square - MUB,0.0000,0.000,0.00%
2659-Irvine - Woodbridge - MUB,0.0000,0.000,0.00%
2660-Irvine - Harvard Place - MUB,0.0000,0.000,0.00%
2661-La Canada Flintridge - MUB,0.0000,0.000,0.00%
2662-La Habra - Whittier - MUB,0.0000,0.000,0.00%
2663-La Jolla - Girard Ave - MUB,0.0000,0.000,0.00%
2664-La Jolla - Villa La Jolla - MUB,0.0000,0.000,0.00%
2665-La Mesa - Spring St - MUB,0.0000,0.000,0.00%
2667-Laguna Beach - Broadway - MUB,0.0000,0.000,0.00%
2668-Laguna Hills - MUB,0.0000,0.000,0.00%
2670-Laguna Niguel - La Paz - MUB,0.0000,0.000,0.00%
2671-Lakewood - South St - MUB,0.0000,0.000,0.00%
2674-Lompoc - MUB,0.0000,0.000,0.00%
2675-Long Beach - Naples - MUB,0.0000,0.000,0.00%
2678-Los Angeles - Brentwood Sq - MUB,0.0000,0.000,0.00%
2680-Los Angeles - Crenshaw - MUB,0.0000,0.000,0.00%
2681-Los Angeles - West LA - MUB,0.0000,0.000,0.00%
2685-Los Angeles - Atwater - MUB,0.0000,0.000,0.00%
2692-Madera - MUB,0.0000,0.000,0.00%
2693-Mammoth Lakes - MUB,0.0000,0.000,0.00%
2694-Manhattan Beach-Man Beach Blvd-MUB,0.0000,0.000,0.00%
2695-Manhattan Beach-Manhattan Vill-MUB,0.0000,0.000,0.00%
2696-Marina Del Rey - Linc Blvd - MUB,0.0000,0.000,0.00%
2697-Menlo Park - Downtown - MUB,0.0000,0.000,0.00%
2698-Mill Valley-Strawberry Village-MUB,0.0000,0.000,0.00%
2699-Mill Valley - Miller Ave - MUB,0.0000,0.000,0.00%
2700-Milpitas - S Milpitas - MUB,0.0000,0.000,0.00%
2701-Mission Viejo - Marguerite - MUB,0.0000,0.000,0.00%
2702-Modesto - J St - MUB,0.0000,0.000,0.00%
2704-Montecito - Coast Village - MUB,0.0000,0.000,0.00%
2705-Montecito-Montecito Village-MUB,0.0000,0.000,0.00%
2706-Monterey - Munras Ave - MUB,0.0000,0.000,0.00%
2707-Monterey - Washington St - MUB,0.0000,0.000,0.00%
2708-Moorpark - MUB,0.0000,0.000,0.00%
2709-Morgan Hill-Tennant Station-MUB,0.0000,0.000,0.00%
2710-National City - MUB,0.0000,0.000,0.00%
2711-Newport Beach - Westcliff - MUB,0.0000,0.000,0.00%
2712-Newport Beach - Bayside - MUB,0.0000,0.000,0.00%
2713-Newport Beach - Superior - MUB,0.0000,0.000,0.00%
2714-Newport Beach - Harbor View - MUB,0.0000,0.000,0.00%
2715-Northridge - Tampa-Nordhoff - MUB,0.0000,0.000,0.00%
2716-Northridge-Porter Ranch Twn Ctr-MUB,0.0000,0.000,0.00%
2717-Norwalk - MUB,0.0000,0.000,0.00%
2718-Oakland - Franklin St - MUB,0.0000,0.000,0.00%
2721-Oceanside - S Coast Hwy - MUB,0.0000,0.000,0.00%
2722-Oceanside - El Camino Real - MUB,0.0000,0.000,0.00%
2725-Orange Cove - MUB,0.0000,0.000,0.00%
2726-Orinda - MUB,0.0000,0.000,0.00%
2728-Pacific Grove - MUB,0.0000,0.000,0.00%
2729-Pacific Palisades - W Sunset - MUB,0.0000,0.000,0.00%
2730-Palm Springs - Indian Canyon - MUB,0.0000,0.000,0.00%
2731-Palmdale - 10 St - MUB,0.0000,0.000,0.00%
2732-Palo Alto - El Camino Real - MUB,0.0000,0.000,0.00%
2733-Palo Alto - University - MUB,0.0000,0.000,0.00%
2734-Panorama City - Roscoe Blvd - MUB,0.0000,0.000,0.00%
2740-Pleasanton - Gateway Ctr - MUB,0.0000,0.000,0.00%
2741-Port Hueneme - MUB,0.0000,0.000,0.00%
2742-Porterville - MUB,0.0000,0.000,0.00%
2743-Poway - 12312 Poway - MUB,0.0000,0.000,0.00%
2746-Rancho Cucamonga - Foothill - MUB,0.0000,0.000,0.00%
2747-Rancho Mirage - MUB,0.0000,0.000,0.00%
2748-Rancho Palos Verdes - MUB,0.0000,0.000,0.00%
2749-Rancho Santa Fe - MUB,0.0000,0.000,0.00%
2750-Redding - Market St - MUB,0.0000,0.000,0.00%
2752-Redwood City - Jefferson - MUB,0.0000,0.000,0.00%
2753-Ridgecrest - MUB,0.0000,0.000,0.00%
2754-Riverside - Glen Avon - MUB,0.0000,0.000,0.00%
2755-Riverside - Arlington - MUB,0.0000,0.000,0.00%
2756-Riverside - Vine St - MUB,0.0000,0.000,0.00%
2757-Rolling Hills Estates - MUB,0.0000,0.000,0.00%
2758-Roseville - Douglas Blvd - MUB,0.0000,0.000,0.00%
2759-Sacramento - Country Club - MUB,0.0000,0.000,0.00%
2762-Salinas - N Main - MUB,0.0000,0.000,0.00%
2763-Salinas - S Main - MUB,0.0000,0.000,0.00%
2764-San Bernardino - Highland - MUB,0.0000,0.000,0.00%
2766-San Carlos - Laurel St - MUB,0.0000,0.000,0.00%
2767-San Clemente - Avenida Pico - MUB,0.0000,0.000,0.00%
2768-San Diego - Midway - MUB,0.0000,0.000,0.00%
2770-San Diego - East Village - MUB,0.0000,0.000,0.00%
2773-San Diego - Allied Gardens - MUB,0.0000,0.000,0.00%
2774-San Diego - Fourth & Laurel - MUB,0.0000,0.000,0.00%
2776-San Diego - Kearny Mesa - MUB,0.0000,0.000,0.00%
2777-San Diego - Clairemont - MUB,0.0000,0.000,0.00%
2778-San Diego - Lake Murray - MUB,0.0000,0.000,0.00%
2779-San Diego - Torrey Hills - MUB,0.0000,0.000,0.00%
2780-San Diego - Point Loma - MUB,0.0000,0.000,0.00%
2783-San Diego - Rancho Bernardo - MUB,0.0000,0.000,0.00%
2784-San Diego - Mira Mesa - MUB,0.0000,0.000,0.00%
2785-San Diego - Pacific Beach - MUB,0.0000,0.000,0.00%
2786-San Diego - Hillcrest - MUB,0.0000,0.000,0.00%
2788-San Diego-Rancho Penasquitos-MUB,0.0000,0.000,0.00%
2789-San Diego - North Park - MUB,0.0000,0.000,0.00%
2791-San Diego - Carmel Mountain - MUB,0.0000,0.000,0.00%
2792-San Diego - Mission Valley - MUB,0.0000,0.000,0.00%
3380-San Francisco - Japan Center - MUB,0.0000,0.000,0.00%
3381-San Francisco-Laurel Heights-MUB,0.0000,0.000,0.00%
3382-San Francisco - Bayview - MUB,0.0000,0.000,0.00%
3385-San Gabriel - Valley Blvd - MUB,0.0000,0.000,0.00%
3386-San Gabriel - Las Tunas - MUB,0.0000,0.000,0.00%
3387-San Jose - Westgate - MUB,0.0000,0.000,0.00%
3388-San Jose - Stevens Creek - MUB,0.0000,0.000,0.00%
3389-San Jose - Alameda Taylor - MUB,0.0000,0.000,0.00%
3390-San Jose - Blossom Hill - MUB,0.0000,0.000,0.00%
3391-San Jose - Camden Park - MUB,0.0000,0.000,0.00%
3392-San Jose - Japantown - MUB,0.0000,0.000,0.00%
3395-San Juan Capistrano - MUB,0.0000,0.000,0.00%
3399-San Luis Obispo - Higuera - MUB,0.0000,0.000,0.00%
3400-San Marcos-669 Rancho Santa-MUB,0.0000,0.000,0.00%
3401-San Marino - MUB,0.0000,0.000,0.00%
3402-San Mateo - El Camino Real - MUB,0.0000,0.000,0.00%
3404-San Rafael - Main - MUB,0.0000,0.000,0.00%
3407-Santa Barbara - Main - MUB,0.0000,0.000,0.00%
3408-Santa Barbara-Main Drive-up-MUB,0.0000,0.000,0.00%
3409-Santa Barbara - Parking Lot - MUB,0.0000,0.000,0.00%
3410-Santa Barbara - San Roque - MUB,0.0000,0.000,0.00%
3411-Santa Barbara - Cottage - MUB,0.0000,0.000,0.00%
3412-Santa Barbara - Mesa - MUB,0.0000,0.000,0.00%
3414-Santa Clarita - Newhall - MUB,0.0000,0.000,0.00%
3415-Santa Maria - Broadway - MUB,0.0000,0.000,0.00%
3419-Santa Paula - MUB,0.0000,0.000,0.00%
3420-Santee - 9760 Mission Gorge - MUB,0.0000,0.000,0.00%
3423-Selma - High St - MUB,0.0000,0.000,0.00%
3425-Simi Valley - El Paseo Simi - MUB,0.0000,0.000,0.00%
3426-Simi Valley - 1475 LA Ave - MUB,0.0000,0.000,0.00%
3427-Simi Valley - Tapo - MUB,0.0000,0.000,0.00%
3428-Solana Beach - MUB,0.0000,0.000,0.00%
3429-Soledad - Front St - MUB,0.0000,0.000,0.00%
3430-Solvang - Mission Dr - MUB,0.0000,0.000,0.00%
3431-Sonoma - Broadway - MUB,0.0000,0.000,0.00%
3432-South Gate - El Paseo - MUB,0.0000,0.000,0.00%
3433-Spring Valley - Casa De Oro - MUB,0.0000,0.000,0.00%
3434-Stockton - El Dorado - MUB,0.0000,0.000,0.00%
3435-Stockton - North Stockton - MUB,0.0000,0.000,0.00%
3437-Studio City - MUB,0.0000,0.000,0.00%
3438-Sunnyvale - Mathilda - MUB,0.0000,0.000,0.00%
3439-Sunnyvale - Arques Ave - MUB,0.0000,0.000,0.00%
3440-Temecula - Ynez Rd - MUB,0.0000,0.000,0.00%
3441-Thousand Oaks - MUB,0.0000,0.000,0.00%
3442-Thousand Oaks - Moorpark - MUB,0.0000,0.000,0.00%
3443-Torrance - South Bay - MUB,0.0000,0.000,0.00%
3444-Torrance - Hawthorne - MUB,0.0000,0.000,0.00%
3445-Torrance - Rolling Hills - MUB,0.0000,0.000,0.00%
3446-Tulare - MUB,0.0000,0.000,0.00%
3447-Tustin - Newport Ave - MUB,0.0000,0.000,0.00%
3448-Tustin - Ranch Plaza - MUB,0.0000,0.000,0.00%
3449-Upland - Sycamore Hills - MUB,0.0000,0.000,0.00%
3450-Valencia - Crossroads - MUB,0.0000,0.000,0.00%
3453-Ventura - Mills Rd - MUB,0.0000,0.000,0.00%
3454-Villa Park - MUB,0.0000,0.000,0.00%
3457-Walnut Creek - Mt Diablo - MUB,0.0000,0.000,0.00%
3459-Wasco - MUB,0.0000,0.000,0.00%
3460-Watsonville - Main - MUB,0.0000,0.000,0.00%
3461-West Hollywood-Santa Monica-MUB,0.0000,0.000,0.00%
3462-Westminster - Brookhurst - MUB,0.0000,0.000,0.00%
3837-Green Bay Lombardi - TEMP,0.0000,0.000,0.00%
4015-Rice Lake-West Eau Claire DU,0.0000,0.000,0.00%
4019-Sheboygan - North Main,0.0000,0.000,0.00%
4312-Gurnee Grand,0.0000,0.000,0.00%
4824-Chicago - Lakeview East,0.0000,0.000,0.00%
5172-Aurora - Southlands,0.0000,0.000,0.00%
5302-Vail - Main,0.0000,0.000,0.00%
7279-Berkeley Shattuck Square,0.0000,0.000,0.00%
7282-Rocklin Sunset,0.0000,0.000,0.00%
7286-San Bernardino,0.0000,0.000,0.00%
7288-Los Angeles Branch,0.0000,0.000,0.00%
7747-Norfolk - Memorial Pk,0.0000,0.000,0.00%
8042-Arlington - Smokey Point - MUB,0.0000,0.000,0.00%
8049-Everett - Evergreen Way - MUB,0.0000,0.000,0.00%
8051-Kirkland - Kirkland Ave - MUB,0.0000,0.000,0.00%
8052-Lynnwood - Hwy 99 - MUB,0.0000,0.000,0.00%
8055-Marysville - State St - MUB,0.0000,0.000,0.00%
8056-Mill Creek - 9th Ave - MUB,0.0000,0.000,0.00%
8058-Redmond - Avondale - MUB,0.0000,0.000,0.00%
8064-Seattle - Queen Anne - MUB,0.0000,0.000,0.00%
8066-Tacoma - Commerce - MUB,0.0000,0.000,0.00%
8067-Woodinville - 140th - MUB,0.0000,0.000,0.00%
8069-Federal Way-Twin Lakes,0.0000,0.000,0.00%
8072-Sammamish - Inglewood Plaza,0.0000,0.000,0.00%
8334-Seattle - US Bank Ctr,0.0000,0.000,0.00%
8447-City of Industry - Colima Rd,0.0000,0.000,0.00%
9318-San Francisco - Irving,0.0000,0.000,0.00%
6879-Lawrence - West 23rd,4.1515,4.152,-0.01%
7329-Fargo,1.2359,1.236,-0.01%
5948-Twin Falls - Blue Lakes,1.2539,1.254,-0.03%
8190-Blaine - Third & H,1.8243,1.828,-0.18%
8979-San Diego - Federal,0.9813,0.983,-0.21%
4291-Springfield - Grand Ave,1.3993,1.402,-0.21%
1935-St. Paul - West Side Flats,1.5848,1.588,-0.21%
8294-Richland - Jadwin,1.7674,1.771,-0.23%
2855-Rockwood - Gateway,1.5994,1.603,-0.24%
5976-Victor,0.7669,0.769,-0.24%
5374-Las Vegas - Montecito,2.9786,2.987,-0.28%
8746-Portland - Pearl District,0.9815,0.984,-0.29%
8860-Buena Park - La Palma,1.7125,1.718,-0.30%
2207-Eaton - Preble Main,1.4224,1.427,-0.35%
7770-Omaha - Oakview,1.4141,1.419,-0.36%
6558-St. Louis - South County,1.4717,1.477,-0.36%
4051-West Bend - Washington,2.3276,2.337,-0.40%
8071-Marysville - Gateway Shopping Ctr,1.1995,1.204,-0.40%
3826-Des Moines - Ingersoll,2.4236,2.435,-0.46%
9171-Woodland,0.5920,0.595,-0.49%
7504-Surprise - Westpoint & Bell,1.3616,1.368,-0.50%
9081-Colfax - S. Main,1.6276,1.636,-0.50%
4207-Marion - North Carbon,1.1049,1.111,-0.51%
6543-St. Louis - U.S. Bank Plaza - 22366,0.0054,0.005,-0.54%
6000-Rapid City Autobank,1.1551,1.161,-0.54%
4822-Naperville - North Town Plaza,0.4926,0.495,-0.54%
9944-Chino - 12801 Central,2.2925,2.305,-0.54%
9089-Davis - F Street,1.3774,1.385,-0.58%
1320-Bloomington - Main,1.1750,1.182,-0.59%
5605-Parker - Stonegate,1.6373,1.647,-0.59%
5133-Granby - Agate Ave WSB,0.6204,0.624,-0.60%
8160-Great Falls Autobank,0.7707,0.776,-0.70%
4466-Glasgow - Wall Street,1.9049,1.919,-0.73%
8507-Cannon Beach - Hemlock,1.2078,1.217,-0.73%
2365-Sidney - East Court (Main),0.7898,0.796,-0.75%
9948-Glendora - South Grand,1.8381,1.852,-0.75%
5958-Nampa - 12th Avenue Rd,1.4077,1.419,-0.78%
5658-Pueblo - Belmont Drive Up,1.5036,1.516,-0.81%
2912-Nashville - Gallatin Pike,1.6097,1.623,-0.81%
3941-Greenfield - South 27th,1.2490,1.259,-0.83%
7431-Phoenix - Biltmore,1.3775,1.389,-0.84%
6349-Blue Springs - West Main,1.1489,1.159,-0.84%
3928-Elm Grove - Elm Grove Road,1.0415,1.051,-0.86%
8266-Othello - 7th & Main DU,7.0848,7.146,-0.86%
8240-Kirkland - Juanita,1.1763,1.187,-0.87%
9079-Chico - Second Street,1.0705,1.080,-0.91%
2134-Cincinnati - Western Woods,1.1367,1.147,-0.93%
6516-Springfield - Fox Grape,1.6004,1.616,-0.96%
7613-Albuquerque - Uptown,1.4190,1.433,-0.96%
2445-Hamilton - Rossville,2.0135,2.033,-0.97%
2922-Knoxville - West Knoxville,1.6828,1.699,-0.97%
4345-Lawrenceburg - Walnut,0.5784,0.584,-0.98%
4514-Louisville - Shively,2.2596,2.282,-1.00%
2828-Goodlettsville - Main Street,2.0499,2.071,-1.02%
5377-Reno - McQueen Crossing,0.7847,0.793,-1.03%
4070-Grafton - Washington,1.0331,1.044,-1.04%
8011-Bozeman - 19th Avenue HB,1.4821,1.498,-1.04%
9148-San Leandro - Bayfair,0.7651,0.774,-1.15%
3656-Davenport - Quad Cities NW,1.9131,1.936,-1.16%
8009-Billings - 24th Street HB,1.1221,1.135,-1.17%
6390-Farmington - N Washington,0.8952,0.906,-1.21%
4469-Henderson - Old Orchard,1.9391,1.963,-1.22%
3342-New Prague,0.7232,0.732,-1.23%
9282-Los Angeles - Baldwin Hills,0.9642,0.976,-1.25%
9720-Encino - 17250 Ventura,1.1823,1.198,-1.28%
2337-Oak Harbor - West Water,2.1354,2.164,-1.31%
3924-Eau Claire - Oakwood,1.2380,1.255,-1.31%
4432-Bowling Green - East Main,2.2124,2.242,-1.33%
9298-Los Altos,1.2901,1.308,-1.33%
9593-Tempe - Baseline,3.6518,3.702,-1.35%
8527-Eugene - Bethel & Danebo,1.6320,1.655,-1.38%
5776-Henderson - Green Valley,2.0921,2.121,-1.39%
9961-Diamond Bar - Grand,1.9625,1.990,-1.39%
4819-Downers Grove - Ogden Avenue,1.1253,1.141,-1.40%
7710-Fremont - Suburban,2.3250,2.358,-1.40%
3743-West Des Moines - Westown,1.4657,1.487,-1.42%
3615-Ames - University,0.9372,0.951,-1.45%
5937-Preston - S State,1.5293,1.552,-1.49%
5157-Littleton - Chatfield,1.7802,1.807,-1.50%
3979-Milwaukee - Lewis Center,1.3777,1.399,-1.50%
2519-Middlefield - Springdale,0.8538,0.867,-1.52%
2315-Middletown - Roosevelt,2.7275,2.771,-1.56%
4815-Schaumburg-Meacham,0.9258,0.940,-1.56%
8536-Florence - Hwy 101,1.1091,1.127,-1.57%
3623-Bettendorf - Quad Cities,0.8414,0.855,-1.59%
5746-Carson City - North Carson,0.8244,0.838,-1.59%
4038-Wausau - Stewart Avenue,1.0583,1.076,-1.65%
3373-Marshall - Leasing & Financial,1.5482,1.574,-1.67%
6902-Topeka - Gage Blvd,1.8797,1.912,-1.69%
8572-Madras - SW C Street,1.5674,1.595,-1.70%
4430-Bowling Green - Campbell,1.9593,1.994,-1.72%
8984-Vista - Vista Village,1.3281,1.352,-1.74%
6903-Topeka - Topeka Blvd,1.8590,1.892,-1.75%
5745-Reno - North Hills,0.9774,0.995,-1.77%
8508-Central Point - E. Pine,1.0348,1.054,-1.78%
6663-Maumelle - Audubon Drive,1.7935,1.826,-1.80%
2336-North Royalton - State Road,2.0373,2.075,-1.81%
6573-Troy - Lincoln,2.3242,2.367,-1.82%
8397-Yakima - Chalet Mall,1.7644,1.798,-1.85%
8486-Astoria - Duane,1.0599,1.080,-1.86%
4094-St. Charles - Smith Road,1.7891,1.823,-1.87%
6089-Sioux Falls - Northeast,1.4140,1.441,-1.89%
6410-Independence - Noland Road,1.0272,1.047,-1.89%
6514-Spanish Lake - Larimore,2.3953,2.442,-1.91%
9276-Westminster - Westminster Mall,1.3037,1.329,-1.92%
8914-South Pasadena - Fair Oaks,1.1609,1.184,-1.93%
2145-Cleveland - Clark 25th,1.1257,1.148,-1.93%
1256-Charlotte McMullen Creek Market,0.9745,0.994,-1.94%
4299-Edwardsville - Lewis Rd,1.1149,1.137,-1.98%
5919-Mountain Home - N Second,0.8846,0.903,-1.99%
7851-Omaha - 90th & Center,2.5525,2.604,-1.99%
9900-Irving - The Westpoint,0.2596,0.265,-2.00%
3730-Urbandale - NW 86th,2.0855,2.128,-2.00%
8553-Hood River Heights - 12th St,1.2686,1.295,-2.01%
6673-North Little Rock - McCain,2.3829,2.433,-2.04%
4003-Oshkosh - Operations Center,0.7939,0.811,-2.15%
8374-Tacoma - Pacific,1.4700,1.502,-2.16%
4529-Madisonville - Chelsea Dr,2.8775,2.942,-2.18%
2223-Farmersville - Broadway,1.3801,1.411,-2.20%
6088-Sioux Falls - Southwest,1.7454,1.785,-2.22%
1312-Minneapolis - Northeast New,1.4475,1.481,-2.28%
6595-Bonner Springs - Canaan Dr,2.1550,2.206,-2.30%
8619-Portland - Columbia Center,2.0085,2.056,-2.30%
4619-Owensboro - Tamarack Rd,1.0836,1.109,-2.31%
2816-Columbia - Perimeter Place,1.2531,1.283,-2.32%
6010-Aberdeen,1.0765,1.102,-2.33%
4579-Prestonsburg - Lake Drive,1.3664,1.399,-2.36%
5317-Las Vegas - Rainbow/Sahara CB,3.4035,3.487,-2.38%
5831-Las Vegas - Pilot Road,2.1955,2.249,-2.39%
4483-Lebanon - West Main,1.2200,1.250,-2.43%
8828-Laramie,0.4439,0.455,-2.46%
8985-Red Bluff,1.5244,1.563,-2.46%
5979-Meridian - Centrepoint,1.1167,1.145,-2.49%
1737-Excelsior-Excelsior Marketplace,1.7910,1.837,-2.49%
5113-Avon - WSB,1.1098,1.138,-2.50%
5560-Thornton,1.7523,1.798,-2.53%
1736-Roseville - Roseville Center,1.4012,1.438,-2.55%
2233-Gallipolis - Silver Bridge,2.1912,2.250,-2.60%
6645-Hot Springs - Mall,1.8266,1.876,-2.66%
7497-Phoenix - Desert Ridge,1.6314,1.676,-2.66%
7769-Omaha - 89th & Maple,1.8378,1.888,-2.66%
5610-Aurora - Alameda,2.6393,2.712,-2.66%
2330-North Kingsville - South Main,1.7978,1.847,-2.69%
4091- Des Plaines- E Prairie,0.9315,0.958,-2.72%
4144-Cahokia - 1050 Camp Jackson,3.8597,3.969,-2.75%
4378-Chicago - Mt. Greenwood,3.3953,3.492,-2.78%
7437-Peoria - Lk Pleasant-Happy Val,1.2087,1.243,-2.80%
6494-Richmond - North Main,0.8316,0.856,-2.80%
6454-Lebanon - Jefferson,1.9034,1.959,-2.85%
6502-Salem - Pershing,3.4569,3.559,-2.88%
6369-Clinton - Franklin,2.5946,2.673,-2.95%
7514-Phoenix - 75th & McDowell,2.6530,2.734,-2.95%
3701-Mount Ayr - Fillmore,0.4138,0.426,-2.96%
8676-Salem - West Salem,1.2853,1.325,-2.99%
6416-Joplin - Northpark,2.2234,2.292,-3.00%
9327-San Jose - El Paseo de Saratog,0.3751,0.387,-3.08%
1751-St. Paul - Rankin Street,0.5180,0.534,-3.08%
5844-Boise - 17th & State,1.4442,1.490,-3.08%
7625-Los Lunas - Main,1.0661,1.100,-3.09%
4489-Lexington - Nicholasville Road,1.5162,1.565,-3.10%
4821-Chicago-Archer Ave,0.7645,0.789,-3.14%
8496-Beaverton - Hall Blvd,1.0770,1.112,-3.17%
5358-Fallon - Casey Road,1.0406,1.075,-3.17%
7623-Las Cruces - Foothills Rd,1.6659,1.721,-3.22%
7629-Portales - 1st Street,1.5407,1.592,-3.24%
4418-Louisville - Audubon Park,1.2793,1.322,-3.26%
9876-Costa Mesa - East 17th,1.2206,1.262,-3.31%
4416-Owensboro - Whitehall Rcds Ctr,0.5145,0.532,-3.33%
8689-Stayton - North Third,1.5786,1.633,-3.34%
1774-Woodbury - Valley Creek,1.1261,1.165,-3.35%
6398-Florissant - Waterford Hwy 67,1.9746,2.044,-3.38%
1690-Shoreview,1.1594,1.200,-3.41%
6351-Bolivar - Springfield,1.3642,1.412,-3.41%
7714-Elkhorn - North 205th,0.9539,0.988,-3.42%
7622-Las Cruces - Amador,1.4072,1.457,-3.42%
8403-Yakima - Southgate,1.7315,1.794,-3.46%
4005-Pewaukee - Silvernail,1.5276,1.582,-3.46%
4176-Elmhurst - York,0.7587,0.786,-3.50%
8086-Gig Harbor - Stinson,0.8507,0.882,-3.50%
8786-Casper - W First,0.9674,1.003,-3.51%
8672-Salem - South Salem,1.5252,1.581,-3.52%
6437-Kansas City - Troost (Landing),2.1183,2.196,-3.53%
3933-Frederic - Wisconsin Avenue,0.7957,0.825,-3.53%
2321-Monroe - Route 63,1.6536,1.715,-3.55%
8947-San Francisco - 2001 Mission,1.1975,1.242,-3.56%
3985-Milwaukee - Oklahoma @ 74th,2.0223,2.097,-3.56%
5729-St. George - Main,1.5225,1.579,-3.56%
5876-Caldwell - Cleveland,0.8216,0.852,-3.60%
4797-Chicago - W 63rd,0.6978,0.724,-3.61%
5310-Henderson - Stephanie/Paseo CB,2.7176,2.820,-3.65%
4393-Hinsdale - West 2nd,1.1355,1.179,-3.68%
8300-Royal City - Evergreen,1.8554,1.927,-3.70%
3970-Milwaukee - Midtown,1.0475,1.088,-3.73%
4206-Loves Park - North 2nd,0.8540,0.887,-3.75%
3308-Blooming Prairie,0.8693,0.903,-3.76%
5858-Boise - Hillcrest,0.8309,0.864,-3.77%
5139-Telluride - Colorado Ave WSB,1.4399,1.497,-3.78%
3965-Menomonee Falls - Appleton,1.0718,1.114,-3.79%
2403-West Chester - Beckett Ridge,1.4351,1.492,-3.80%
2295-Loveland - Madeira Road,1.6995,1.767,-3.83%
8192-Bothell - Canyon Park,1.0538,1.096,-3.85%
5586-Johnstown - Larimer Pkwy,0.9667,1.005,-3.86%
5855-Boise - Fairview & Cole,1.1759,1.223,-3.88%
5723-Salt Lake City - Parley's View,1.2839,1.336,-3.90%
5850-Boise - Chinden,0.8723,0.909,-3.99%
9161-Vacaville - Merchant,1.4343,1.494,-4.00%
5921-Nampa - First Street,0.8293,0.864,-4.01%
6526-St. Charles - Kisker,2.0689,2.157,-4.06%
8541-Grants Pass - SW Sixth & DU,1.5831,1.651,-4.09%
4456-Flemingsburg - Windsor,1.3670,1.425,-4.10%
8343-Spanaway - Pacific,1.6521,1.724,-4.17%
4303-Chicago - LaSalle,0.2991,0.312,-4.17%
6556-St. Louis - Oakville,2.0784,2.169,-4.17%
8483-Aloha - 185th & Farmington,1.6915,1.766,-4.19%
9719-San Diego - Rancho Bernardo,0.8350,0.872,-4.20%
3647-Coralville - Tenth Avenue,0.9364,0.978,-4.22%
4204-Jacksonville - West Morton,0.8821,0.921,-4.23%
9302-Millbrae,0.6800,0.711,-4.31%
6409-Independence - Hwy 24,1.5224,1.591,-4.32%
8628-Portland - Interstate & Going,0.8226,0.860,-4.34%
9229-Whittier,1.2502,1.307,-4.37%
6354-Branson - West Main,1.3324,1.394,-4.40%
6087-Sioux Falls - North,1.6474,1.723,-4.40%
4225-Northlake - North Avenue,1.5262,1.597,-4.42%
6566-St. Peters - Mexico Road,1.3940,1.459,-4.43%
3659-Des Moines - 4045 Merle Hay,1.6198,1.695,-4.45%
6867-Roeland Park,1.6704,1.748,-4.45%
8310-Seattle - Broadway,1.9291,2.019,-4.46%
6098-Sioux Falls - WaterFall Plaza,1.1836,1.240,-4.52%
3908-Brookfield - Brookfield Square,2.2554,2.363,-4.56%
8454-San Diego - East Village,2.5725,2.696,-4.57%
8171-Arlington - Smokey Point,1.0599,1.111,-4.57%
4785-Rolling Meadows - Kirchoff,1.0128,1.062,-4.65%
4624-Owensboro - Airpark Dr,1.6707,1.752,-4.67%
7306-Bismarck - South,1.1138,1.169,-4.68%
7616-Bernalillo - Hwy 550,1.1175,1.173,-4.70%
8332-Tukwila - Andover Park,1.3097,1.374,-4.71%
5585-Boulder - Main,1.1067,1.161,-4.72%
3702-Mount Pleasant - E Washington,0.6937,0.728,-4.74%
3897-Madison - Hilldale,2.3216,2.438,-4.77%
3958-Madison - West Towne,0.4904,0.515,-4.78%
2455-Akron - Coventry Commons,1.2284,1.290,-4.80%
5796-North Las Vegas - Lake Mead,4.0603,4.266,-4.83%
8446-Aptos - Rancho Del Mar,1.0531,1.107,-4.86%
6040-Sioux Falls - South,0.9013,0.948,-4.88%
2289-Mason - Deerfield,1.5406,1.620,-4.89%
8007-Billings - Southwest,1.1510,1.210,-4.90%
6459-Macon - Rutherford,1.0010,1.053,-4.93%
2054-Brilliant - 3rd Street,1.0756,1.131,-4.93%
8811-Jackson - Powderhorn,0.8844,0.930,-4.95%
4490-Lexington - Richmond,1.6357,1.721,-4.95%
4478-Independence - Madison Pike,0.7130,0.750,-4.95%
7021-Bismarck North,3.4709,3.652,-4.96%
5975-Ketchum - Main Street,0.3083,0.324,-4.98%
8247-Lynden - Front Street,1.4316,1.507,-4.98%
8889-Los Angeles - Larchmont,0.7245,0.763,-4.99%
8200-Colfax - N. Main,0.7276,0.766,-5.00%
8677-Sandy - Proctor,1.3310,1.401,-5.01%
4304-Algonquin - 798 S Randall,1.5374,1.619,-5.03%
3723-Sioux City - Pierce Street,1.2051,1.269,-5.04%
8818-Cheyenne - Frontier Mall,1.0881,1.146,-5.06%
9080-Citrus Heights - Sunrise Mall,0.8933,0.942,-5.14%
8389-Vashon - Vashon Island,1.0233,1.079,-5.14%
5890-Glenns Ferry - E. Idaho,0.9061,0.955,-5.15%
4590-Shelbyville - Midland Trail,2.0635,2.177,-5.19%
9108-Lincoln - McBean,1.5583,1.644,-5.22%
8477-West Linn - Willamette Village,0.9654,1.019,-5.22%
8502-Bend - NW Oregon,0.6273,0.662,-5.24%
1301-Shakopee,0.9140,0.965,-5.24%
2340-Oxford - Lynn Street,1.5347,1.620,-5.25%
6442-Kirksville - Baltimore,1.9412,2.049,-5.28%
2273-Loveland - Landen,1.8895,1.995,-5.29%
2408-Westerville - South State,1.2618,1.332,-5.31%
4409-Oak Park - 11 W Madison,1.2439,1.314,-5.31%
8579-Medford - South Medford,0.8774,0.927,-5.32%
3638-Cedar Rapids - Vernon Village,1.6626,1.756,-5.35%
8237-Kent - W. Smith,1.0666,1.127,-5.35%
9042-Carlsbad - Village Drive,1.0152,1.073,-5.40%
3364-Sauk Rapids,1.7523,1.854,-5.48%
9519-Pittsburgh - Commerce Court,0.1199,0.127,-5.53%
5508-Aurora - Colfax,1.9012,2.013,-5.55%
2256-Cincinnati - Kenwood,1.3283,1.406,-5.55%
2910-Smyrna - Sam Ridley,1.8448,1.954,-5.57%
5704-Kearns - 5352 South,1.7189,1.820,-5.57%
8626-Portland - Hollywood,1.0139,1.075,-5.65%
8392-Walla Walla - E Alder,1.3878,1.471,-5.66%
8278-Pullman - 301 E Main,0.6543,0.694,-5.66%
6532-St. Joseph - Ashland,2.5145,2.665,-5.66%
5707-Murray - Redwood Road,1.4081,1.493,-5.68%
2916-Nashville - Belle Meade,2.4845,2.634,-5.69%
6408-Independence - E. 39th,1.4255,1.512,-5.72%
1001-Royal Palm Way,1.3308,1.412,-5.74%
2226-Fremont - Potter Village,1.7572,1.864,-5.75%
3927-Elkhorn - Walworth,0.6621,0.702,-5.75%
3920-Delavan - East Geneva,1.0243,1.087,-5.76%
6431-Kansas City - Gladstone,2.4819,2.634,-5.77%
5906-Lewiston - Orchards,1.3825,1.467,-5.78%
3000-Austin - Autobank,1.7833,1.893,-5.78%
6277-Chesterfield-Commons West,1.1752,1.248,-5.79%
8679-Seaside - Avenue A,1.1643,1.236,-5.81%
1749-Eagan - Cliff Lake,1.3230,1.405,-5.81%
4743-Glenview,0.9608,1.020,-5.82%
2283-Valley View Cash Vault,1.0512,1.116,-5.82%
4133-Alton - Upper,0.9606,1.020,-5.83%
3988-Milwaukee - Villard @ 37th,1.1395,1.210,-5.85%
8495-Beaverton - Greenway,1.5024,1.596,-5.87%
9180-Anaheim - La Palma,0.9368,0.996,-5.90%
8505-Burns - Harney County,1.0814,1.149,-5.92%
1868-Warren - Liberty Corner,0.5693,0.605,-5.94%
6365-Chesterfield - Hilltown,0.9261,0.985,-5.94%
8390-Veradale - Sprague & Sullivan,2.4476,2.602,-5.95%
3877-Council Bluffs - Manawa,2.6106,2.776,-5.95%
8224-Hoquiam - Simpson,1.0043,1.068,-5.97%
1917-Maplewood - Beam,2.4437,2.599,-5.98%
2154-Cleveland - Harvard,2.0418,2.172,-5.99%
9241-San Marcos,0.9580,1.019,-6.00%
4214-Mt. Vernon - Broadway,1.3534,1.440,-6.02%
3948-Kenosha - Parkside,1.3304,1.416,-6.03%
2800-Ashland City - Main Street,1.2927,1.376,-6.06%
9288-Concord,1.5356,1.635,-6.06%
8550-Hillsboro - North Hillsboro,1.3979,1.488,-6.08%
5929-Pinehurst - Country Club Lane,1.0484,1.117,-6.12%
7978-Clackamas - Sunnyside,1.5432,1.645,-6.16%
8919-Toluca Lake,1.0547,1.124,-6.18%
5138-Norwood - Grand Ave WSB,0.8591,0.916,-6.19%
6341-Arnold - Jeffco Blvd,1.2949,1.380,-6.20%
6517-Springfield - Glenstone,1.4815,1.580,-6.22%
8564-Lake Oswego - Kruse Woods,1.6765,1.788,-6.23%
3910-Brookfield - Operations,0.9699,1.035,-6.25%
6436-Kansas City - Picture Hills,1.1046,1.178,-6.26%
6482-Osage Beach - Hwy 54,1.3647,1.456,-6.29%
9059-Lafayette - Mount Diablo,0.9054,0.966,-6.30%
8682-Sherwood - Washington,1.3828,1.476,-6.33%
2867-Tullahoma - Jackson,1.4203,1.517,-6.35%
3658-Davenport - West 2nd,0.9884,1.056,-6.38%
4541-Morehead - East Main,0.9701,1.036,-6.40%
6453-Leadington - Woodlawn,2.4452,2.613,-6.42%
7602-Albuquerque - Journal Ctr,1.2049,1.288,-6.46%
6505-St. Louis - Sunset Hills,1.7161,1.835,-6.46%
7295-Huntington Beach Brookhurst,1.4275,1.526,-6.46%
3727-Tipton - East 5th,0.4991,0.534,-6.49%
5684-Grand Junction - Clifton,1.5663,1.675,-6.51%
8591-Newport - Yaquina Bay,0.4066,0.435,-6.51%
7503-Chandler - Alma School Road,1.4563,1.559,-6.56%
9590-Scottsdale - Hayden Road,1.9273,2.063,-6.56%
5137-Montrose - Oak Grove Rd WSB,1.1890,1.273,-6.59%
5700-Bountiful - 278 South,1.7042,1.826,-6.66%
4233-Park Forest - Indianwood Blvd,1.1158,1.196,-6.70%
7334-Grand Forks,1.5708,1.684,-6.70%
3942-Hartford - Sumner,0.7851,0.842,-6.70%
2156-Cleveland - Lorain 98th,2.0613,2.211,-6.76%
6402-Hannibal - McMasters,1.1182,1.199,-6.76%
6455-Lee's Summit - Douglas Square,1.5893,1.706,-6.84%
3707-North Liberty - West Cherry,0.9910,1.065,-6.98%
4012-Racine - Westgate,1.4727,1.583,-6.98%
4145-Carlinville - East Main,1.0927,1.175,-6.98%
2230-Gahanna - Hamilton,1.3775,1.481,-6.99%
9056-Temecula,1.1385,1.225,-7.05%
8702-Lake Oswego - Lake Pl Shopping,0.9738,1.048,-7.07%
6467-Memphis - Market,0.7194,0.774,-7.08%
9965-Chino - Spectrum,1.3976,1.504,-7.09%
3696-Marion - 31st Street,1.4628,1.575,-7.11%
1570-Blaine - Northtown,1.1113,1.197,-7.18%
4212-Moline - 22nd Avenue,1.6599,1.788,-7.18%
6355-Branson West - Hwy 13,0.7730,0.833,-7.19%
2070-Chesapeake - 3rd Avenue,1.2744,1.373,-7.21%
4164-Crystal Lake - Commonwealth Dr,1.1576,1.248,-7.26%
8149-Vancouver - Cascade,1.6807,1.813,-7.28%
6412-Jefferson City - McCarty,1.3487,1.455,-7.28%
1541-Minnetonka - Hwy 7,0.8359,0.902,-7.31%
6592-Liberty - Kansas St,1.5467,1.669,-7.34%
9237-San Diego - Morena,0.9916,1.071,-7.40%
6439-Kansas City - Waldo,1.2895,1.393,-7.40%
8205-Enumclaw - Cole,1.6164,1.746,-7.41%
2385-Toronto - North 3rd,2.1669,2.341,-7.43%
4353-Richmond - 2909 East Main,2.2545,2.438,-7.52%
3951-Lake Geneva - Center,1.0613,1.148,-7.57%
9705-Downey - Florence,1.0678,1.156,-7.59%
8329-Seattle - Roosevelt,1.2046,1.304,-7.60%
8262-Mukilteo - Harbor Point,1.3201,1.429,-7.64%
5642-Longmont - Convenience Bank,0.7470,0.809,-7.65%
4447-Crestview Hills - Thomas More,1.7214,1.865,-7.68%
5117-Delta - Hwy 92 WSB,0.9971,1.081,-7.73%
6563-St. Louis - Union Rd,1.0313,1.118,-7.74%
1640-White Bear Lake,0.8201,0.889,-7.75%
4482-Latonia - Winston,1.1000,1.193,-7.77%
3713-Pella - Broadway,0.7416,0.804,-7.79%
2827-Gallatin - Nashville Pike,1.0297,1.117,-7.83%
4377-Chicago - Milwaukee,0.6406,0.695,-7.85%
8604-Portland - 181st & Glisan,1.0569,1.147,-7.86%
4180-Fox Lake - Grand,1.8536,2.012,-7.88%
2349-Portsmouth - Chillicothe Main,1.5911,1.728,-7.91%
3695-Maquoketa - West Platt,1.7852,1.939,-7.91%
2128-Cincinnati - Springdale,1.2073,1.312,-7.97%
3949-Kenosha - South,1.1659,1.267,-7.99%
4718-Carol Stream,1.8837,2.047,-7.99%
3611-Amana - 39th Avenue,0.9098,0.989,-8.00%
2849-Nashville - Murfreesboro Road,1.6106,1.751,-8.02%
1754-Lino Lakes - Lake Drive,1.0944,1.191,-8.10%
3978-Milwaukee - Howell @ Norwich,2.0777,2.262,-8.13%
6584-Webb City - Madison,2.9175,3.177,-8.18%
6572-Trenton - Eastgate,1.3246,1.443,-8.18%
5761-Las Vegas - Summerlin,1.7645,1.922,-8.20%
2332-North Olmsted - Country Club,1.4218,1.549,-8.22%
8070-Missoula - Southside,0.8407,0.916,-8.23%
4272-Winnebago - N Elida,2.8441,3.100,-8.25%
6647-Hot Springs Village - Hwy 7,1.8999,2.071,-8.25%
8586-Molalla - Center,1.2736,1.388,-8.26%
2274-Lebanon - Columbus,2.5647,2.795,-8.26%
8363-Sumner - Main,0.7345,0.801,-8.29%
8218-Freeland - Harbor Ave,0.9595,1.047,-8.35%
5721-Salt Lake City - Midtown,1.4915,1.627,-8.35%
5313-Las Vegas - Craig & Jones CB,2.1151,2.308,-8.37%
2457-Ironton - Autobank,10.2143,11.147,-8.37%
6515-Springfield - Campbell,2.0822,2.272,-8.37%
6513-Sikeston - N. Main,1.0839,1.183,-8.38%
6493-Republic - Hwy 60,0.8443,0.922,-8.44%
8228-Kennewick - Clearwater,1.6122,1.761,-8.45%
4244-Rockford - 11th Street,1.9434,2.125,-8.54%
2316-Milford - McClelland,1.3875,1.517,-8.55%
2031-Amelia - Ohio Pike,1.7583,1.923,-8.58%
1830-Minneapolis - South Mpls,1.6330,1.787,-8.61%
6664-Morrilton - Hwy 9,1.3942,1.526,-8.63%
6632-Arkadelphia - Pine,1.8692,2.046,-8.63%
8255-Monroe - S.R. #2,1.0884,1.191,-8.63%
2873- Knoxville - 7300 Chapman,2.5755,2.819,-8.65%
5316-Las Vegas - Lake Mead CB,2.2852,2.502,-8.68%
2411-Wheelersburg - Center Street,2.8778,3.151,-8.68%
9516-Florence - DCS,0.9304,1.019,-8.69%
5892-Grangeville - E. Main,0.4281,0.469,-8.70%
2115-Cincinnati - Westwood Cheviot,2.0145,2.208,-8.76%
4710-Blue Island,2.9817,3.268,-8.76%
6528-St. Clair - North Main,1.5318,1.680,-8.82%
6427-Kansas City - Barry Road,1.9381,2.126,-8.83%
6577-Warrensburg - North Macguire,1.2621,1.385,-8.85%
1739-Mound - Mount Marketplace,1.7716,1.944,-8.86%
4485-Lexington - Eastland,1.6812,1.845,-8.88%
8656-Prineville - E Third,0.8155,0.895,-8.92%
9023-Encinitas - North Coast,0.7045,0.774,-8.96%
8588-Mt. Angel - N Main,1.0346,1.137,-8.99%
8381-Tonasket - Fourth & Whitcomb,1.0490,1.153,-8.99%
4506-Louisville - Highlands,2.3352,2.566,-9.00%
2065-Centerville - 360 North Main,1.9510,2.145,-9.04%
2926-Seymour - Chapman Highway,1.3295,1.462,-9.07%
2100-Cincinnati - Lunken Ops Ctr,1.6878,1.856,-9.08%
6387-Ellisville - Manchester,1.4159,1.557,-9.08%
6472-Monett - Hwy 60,2.0753,2.284,-9.14%
5907-MacKay - S Main,1.0818,1.191,-9.16%
5882-Coeur d'Alene - Government Way,0.6462,0.711,-9.16%
8580-Mill City - Santiam Blvd,0.7676,0.845,-9.19%
3689-Iowa City - Southwest,1.0508,1.157,-9.21%
5832-Sparks - Paradise Plaza,1.7834,1.964,-9.21%
6562-St. Louis - Tucker Blvd,1.4886,1.640,-9.22%
8014-Great Falls - 3rd Street HB,1.0323,1.138,-9.28%
2495-Cleveland - Church Square,1.1163,1.231,-9.28%
1310-St. Paul - Battle Creek,1.2333,1.360,-9.29%
8277-Prosser - Meade,0.6789,0.749,-9.31%
2826-Franklin - Hwy 96,2.5684,2.833,-9.33%
2848-Nashville - Hickory Hollow,1.7324,1.911,-9.36%
8075-Seattle - Belltown Insignia Tower,1.4236,1.572,-9.44%
4242-Rock Island - Hilltop,1.6822,1.858,-9.46%
7633-Santa Fe - Cerrillos,1.0395,1.148,-9.46%
8250-Lynnwood - Forty-Fourth,1.1081,1.224,-9.47%
8696-Tualatin - SW Nyberg,1.5097,1.668,-9.50%
5923-Nampa - Karcher,1.3169,1.456,-9.54%
2101-Cincinnati - Madeira,1.0370,1.146,-9.54%
8646-Portland - Stadium,0.8148,0.901,-9.56%
4394-Homewood - S Kedzie,1.8589,2.056,-9.58%
5311-Henderson - Anthem CB,2.1100,2.334,-9.58%
7619-Clovis - Prince,1.1081,1.226,-9.60%
2483-Washington Court House,1.9020,2.104,-9.61%
4108-Des Plaines - Oakton,1.8127,2.007,-9.69%
5156-Castle Rock- Maleta Ln,1.2351,1.368,-9.69%
3629-Cedar Falls - Washington St,0.4528,0.502,-9.77%
7639-Taos - South,1.4337,1.589,-9.77%
8935-Fremont - 38980 Paseo Padre,1.1534,1.280,-9.86%
6891-Prairie Village - Mission Road,0.1827,0.203,-9.88%
3929-Fond du Lac - Marr Motor,1.5882,1.762,-9.88%
9710-Mission Viejo - Muirlands,0.8712,0.968,-9.96%
5950-Twin Falls - Shoshone,0.6603,0.733,-9.96%
3619-Ankeny - Des Moines,1.0319,1.147,-10.03%
4720-Chicago - Cermak,0.9354,1.040,-10.06%
1270-St. Paul - Energy Park Ops Ctr,1.9222,2.140,-10.16%
4165-Deerfield - Deerfield Road,0.6604,0.735,-10.17%
8555-John Day - Grant County,1.7481,1.946,-10.19%
8472-Foster City,1.0401,1.158,-10.21%
4565-Paducah - Kentucky Oaks,4.6356,5.163,-10.22%
8685-Springfield - Mohawk & Northga,1.7801,1.983,-10.23%
4594-Tompkinsville - North Main,1.1710,1.305,-10.25%
3991-Minocqua - 70 West,0.6897,0.768,-10.25%
8503-Bend - Third & Reed Market,1.3999,1.560,-10.28%
4413-West Dundee - West Main,0.5791,0.645,-10.28%
8841-Sacramento - National Dr,1.7147,1.913,-10.35%
8377-Tacoma - Proctor,1.0339,1.154,-10.38%
2258-Huber Heights - Old Troy Pike,1.8729,2.090,-10.38%
5618-Denver - Colorado Boulevard,1.8751,2.093,-10.40%
4016-Ripon - Fond du Lac,1.4175,1.583,-10.45%
2412-Whitehall - Great Eastern,1.3651,1.526,-10.56%
8265-Olympia - Capitol,0.5551,0.621,-10.58%
2903-Knoxville - 7207 Chapman,4.2408,4.742,-10.58%
3954-Madison - East Towne,1.2314,1.377,-10.60%
4473-Hopkinsville - Ft Campbell,1.4112,1.579,-10.62%
4545-Murray - Main Street,1.0232,1.145,-10.64%
2834-McMinnville - Chancery,1.6103,1.804,-10.72%
8152-Vancouver - Fishers Landing,1.4209,1.592,-10.75%
4218-Naperville - Jefferson Ave DU,4.1210,4.619,-10.78%
6443-Kirksville - McPherson,0.7132,0.800,-10.84%
6361-Carthage - Grand,1.3769,1.545,-10.87%
6864-Overland Park - 135 & Antioch,1.8484,2.075,-10.91%
3684-Dubuque - West 7th,1.6944,1.902,-10.92%
2296-Lucas - East Main,0.5622,0.631,-10.97%
4398-Maywood - Madison,1.7357,1.950,-10.97%
4526-Madisonville - East Center,2.9652,3.335,-11.08%
4455-Falmouth - Pendleton,1.4973,1.684,-11.08%
5939-Rexburg - E Main,0.7872,0.886,-11.17%
8371-Tacoma - Fircrest-James Center,1.6802,1.892,-11.18%
9114-Modesto - McHenry,1.4459,1.628,-11.20%
4031-Twin Lakes - North Lake,1.6120,1.815,-11.21%
7731-Lincoln - Ticonderoga,1.5188,1.713,-11.34%
1610-Edina - Southdale,0.1380,0.156,-11.37%
8734-Hillsboro - Orenco Station,1.9875,2.245,-11.46%
1745-Circle Pines - Centennial,0.5824,0.658,-11.50%
2924-Maryville - Foothills Mall,1.2093,1.368,-11.61%
6585-Webster Groves - Lockwood,1.7817,2.016,-11.61%
8743-Portland - Raleigh Hills,1.8219,2.062,-11.62%
9722-Cupertino - De Anza,0.7238,0.819,-11.63%
4755-Chicago - Lincoln Drive Up,1.1464,1.297,-11.63%
9721-Arcadia - East Foothill,1.5374,1.740,-11.64%
6649-Jacksonville,1.4215,1.609,-11.64%
6397-Florissant - Hwy 67-Lindberg,1.3141,1.487,-11.64%
9657-Jacksonville - DCS,1.4961,1.694,-11.66%
6653-Little Rock - Chenal,1.6052,1.817,-11.66%
1777-Oakdale - 10th & Helmo,1.0666,1.208,-11.70%
8226-Issaquah - Gilman Blvd,0.9573,1.085,-11.77%
9325-San Francisco - Palm-Geary,0.7872,0.893,-11.82%
3957-Madison - Sauk Trails,4.8240,5.474,-11.87%
2801-Brentwood - Franklin,1.5197,1.725,-11.93%
9203-Laguna Niguel - Town Center,1.0470,1.189,-11.93%
5551-Colorado Springs - Briargate,1.6657,1.895,-12.09%
1700-Hopkins - Autobank,1.8282,2.080,-12.11%
5520-Canon City,1.0723,1.223,-12.29%
4491-Loretto - Hwy 52,0.8965,1.022,-12.29%
3698-Marshalltown - West Main,0.6354,0.725,-12.31%
2814-College Grove - Horton Hwy,1.1854,1.352,-12.33%
3881-Appleton - East Calumet,1.0780,1.230,-12.36%
8060-Miles City,0.5213,0.595,-12.38%
9159-Turlock - Olive,1.0905,1.245,-12.39%
5123-Dillon - Anemone Trail WSB,0.7715,0.881,-12.40%
2255-Hopedale - East Main,0.9142,1.044,-12.42%
4794-Stickney - Harlem,1.2575,1.437,-12.46%
4220-Naperville - Downtown,1.6637,1.901,-12.48%
4544-Mortons Gap - Main Street,1.5254,1.744,-12.52%
6430-Kansas City - Clay County,1.0900,1.248,-12.64%
3887-Oconomowoc,0.7759,0.888,-12.65%
6670-North Little Rock - Levy,2.0501,2.350,-12.75%
8283-Quilcene - Center Road,1.0763,1.234,-12.76%
5129-Fruita - New Site WSB,2.8627,3.283,-12.79%
4009-Princeton - Pearl,0.7920,0.911,-13.09%
8340-Selah - 1st Ave,1.2143,1.397,-13.11%
4583-Richmond - East Main,1.4500,1.669,-13.13%
4219-Naperville - Market Meadows,1.5002,1.728,-13.16%
5108-Westminster - Main,1.7072,1.966,-13.16%
6681-Sherwood - Kiehl,2.2772,2.624,-13.23%
2239-Geneva - East Main,1.4082,1.623,-13.23%
2099-Cincinnati - Lockland,0.5647,0.651,-13.24%
3741-West Des Moines - EP True,1.7351,2.001,-13.27%
4209-Mattoon - Charleston,1.4480,1.671,-13.33%
2840-Nashville - Broadway West End,1.3823,1.595,-13.34%
3076-Duluth - Lakeside,1.2802,1.477,-13.35%
8319-Kenmore,0.8600,0.993,-13.36%
4143-Burbank - West 87th,1.7033,1.967,-13.39%
8050-Helena,0.4202,0.486,-13.47%
2850-Nashville - Nolensville Road,1.8095,2.094,-13.57%
7778-Omaha - 30th & Potter,1.4754,1.707,-13.58%
3356-Pine River,1.4023,1.623,-13.60%
8274-Port Angeles - E Seventh,1.2945,1.499,-13.63%
1430-Forest Lake,0.6819,0.790,-13.70%
8634-Portland - Martin Luther King,1.5512,1.798,-13.71%
2447-Cleveland - Puritas,1.1147,1.292,-13.75%
4379-Chicago - Norwood Park,0.8816,1.023,-13.82%
2353-Proctorville - Rome,1.3724,1.594,-13.89%
4014-Rice Lake - North Main,0.5046,0.586,-13.89%
4392-Geneva - 808 W State,0.8109,0.942,-13.89%
9224-Santa Monica - Pico,1.1674,1.357,-13.97%
8151-Vancouver - Downtown (Main),1.2086,1.405,-14.00%
3721-Sioux City - Hamilton,0.9490,1.104,-14.04%
2260-Independence - Brecksville,1.3544,1.576,-14.06%
5134-Grand Junction - Patterson,2.8240,3.287,-14.08%
6880-Lawrence - West 6th,2.2753,2.648,-14.08%
5863-Boise - Overland & Five Mile,0.9547,1.111,-14.11%
3074-Duluth - Miller Hill,1.0944,1.276,-14.21%
8027-Kalispell - North Main,1.5094,1.760,-14.22%
5312-Las Vegas - Blue Diamond CB,2.5993,3.032,-14.26%
4152-Chicago - Austin,2.5022,2.918,-14.26%
5731-West Jordan - 7080 South,1.5689,1.831,-14.30%
9713-Torrance - Pacific Coast,1.1924,1.392,-14.33%
8667-Salem - Ladd & Bush,0.6864,0.801,-14.33%
9141-Sacramento - Country Club,1.1936,1.394,-14.36%
4035-Waunakee - West Main,0.7957,0.931,-14.52%
9268-Manhattan Beach - Sepulveda Bl,0.7522,0.881,-14.63%
6392-Fenton - 700 Gravois,3.4571,4.050,-14.65%
8918-Tarzana - 19500 Ventura,1.4820,1.736,-14.65%
5107-Englewood - Service Center,1.5199,1.782,-14.72%
1846-Minneapolis - University,0.5600,0.657,-14.76%
4569-Paducah - Reidland,1.5065,1.768,-14.77%
9187-Brea - Central Ave,1.4611,1.716,-14.83%
4517-Louisville - Springhurst Comm,0.9820,1.153,-14.83%
6492-Raytown - Gregory,0.9949,1.169,-14.89%
8148-Vancouver - Ashington,1.4406,1.693,-14.89%
8286-Redmond - Bear Creek,1.1131,1.309,-14.94%
4563-Paducah - 1666 Broadway,1.6969,1.995,-14.94%
8111-Seattle - Ballard 15th Ave,1.2162,1.430,-14.98%
5540-Fort Collins - Howes,1.4513,1.707,-14.99%
1802-St. Anthony - Apache Plaza,0.9879,1.162,-15.01%
9328-San Jose - Willow Glen,1.0123,1.191,-15.01%
8368-Tacoma - 72nd & Pacific,1.3614,1.602,-15.01%
2301-Marengo - South Main,1.7474,2.056,-15.02%
5915-Montpelier - Washington,0.8326,0.980,-15.03%
5070-Colorado Springs - Chapel Hill,1.2838,1.514,-15.19%
9292-Danville,0.9382,1.107,-15.25%
6680-Sheridan - North Oak,0.7634,0.902,-15.38%
6899-Topeka - 46th Street,1.1164,1.321,-15.48%
3935-Glendale - Bayshore,0.9819,1.162,-15.49%
3996-New Berlin - National Avenue,1.5526,1.837,-15.49%
5517-Denver - Bear Valley,1.3103,1.552,-15.56%
1660-Bloomington - West,0.7669,0.908,-15.59%
4820-Norridge - Harlem Ave,0.8464,1.004,-15.66%
2252-Cincinnati Over the Rhine,1.3360,1.584,-15.67%
6497-Richmond Hts - Big Bend,5.4687,6.487,-15.69%
7360-Wahpeton,1.7769,2.108,-15.70%
8104-Bremerton - 6th & Naval,0.7921,0.940,-15.75%
6411-Jackson - Jackson Blvd,1.0638,1.263,-15.81%
3950-Kenosha - West,1.4847,1.764,-15.85%
3896-Hudson - Ban Tara,1.3857,1.648,-15.89%
4722-Chicago Heights - Dixie,1.0940,1.301,-15.93%
7527-Tempe - Marketplace,1.9766,2.353,-16.00%
5942-Salmon - Main,0.4727,0.563,-16.01%
3914-Cedarburg - Turner,0.9394,1.119,-16.06%
1752-Hugo - Forest Blvd,0.5280,0.629,-16.08%
8212-Federal Way - S. 312th,1.5583,1.859,-16.17%
7609-Albuquerque - Petroglyph,1.2241,1.461,-16.20%
4222-New Athens - Spotsylvania,1.3717,1.638,-16.26%
2380-Strongsville - Pearl Road,2.2225,2.658,-16.40%
8150-Helena Autobank,2.8859,3.452,-16.40%
8687-St. Helens - South St. Helens,1.3619,1.629,-16.42%
4766-Mount Prospect - Rand,1.9669,2.353,-16.42%
4259-Springfield - Veterans Pkwy,1.3543,1.622,-16.48%
2046-Beavercreek - Dayton Xenia,1.5374,1.841,-16.48%
5637-Highlands Ranch - Westridge,1.6490,1.975,-16.51%
4587-Russellville - West 4th,1.6888,2.024,-16.56%
5708-North Salt Lake - 1090 North,1.9031,2.286,-16.74%
3709-Ottumwa - East 3rd,1.3496,1.623,-16.84%
8855-Arcadia - S Baldwin,1.4821,1.787,-17.05%
2819-Crossville - North Main,1.1389,1.373,-17.05%
4759-Lockport,1.0940,1.319,-17.06%
4028-Sun Prairie - Windsor,1.2531,1.511,-17.08%
9053-San Diego - Scripps Ranch,0.7668,0.927,-17.24%
1410-Edina - W. 50th & Autobank,1.4106,1.706,-17.29%
8291-Renton - Renton Hills,1.2523,1.515,-17.32%
6405-Higginsville - 19 & Main,0.5136,0.622,-17.44%
2017-Cleveland - Euclid,1.3730,1.663,-17.44%
4805-Wilmington,0.6344,0.769,-17.46%
4537-Maysville - West 2nd,0.5181,0.628,-17.47%
4168-Downers Grove - 63rd Street,1.3227,1.604,-17.56%
3909-Brookfield - Market Square,1.6725,2.030,-17.62%
5645-Denver - Montbello,2.1682,2.634,-17.68%
2817-Cookeville - Jackson,1.1359,1.383,-17.84%
4339-Dillsboro - Bank Street,1.0618,1.294,-17.92%
8924-Ventura - E Main,0.2669,0.325,-17.97%
9233-San Diego - Mission Hills,1.2741,1.554,-18.00%
1789-Lakeville,1.7233,2.107,-18.22%
4104-Chicago - Lincoln Park,1.4951,1.828,-18.23%
8292-Renton - S. Second,1.1343,1.389,-18.32%
4026-Stevens Point - Hwy 10,1.1525,1.411,-18.34%
6630-Alma - Van Buren,1.1308,1.386,-18.43%
9299-Los Gatos,0.8436,1.034,-18.44%
7808-Columbus,1.5038,1.846,-18.53%
6359-Cape Girardeau - Kingshighway,1.0352,1.271,-18.54%
5543-Lone Tree - Park Meadows,1.7875,2.197,-18.65%
4004-Oshkosh - Southwest,1.1487,1.412,-18.67%
5564-Denver - South Federal,1.8744,2.309,-18.81%
3990-Milwaukee - Wisconsin @ 26th,2.6780,3.298,-18.81%
6882-Olathe - 119th Street,1.7830,2.202,-19.03%
8931-Concord - 1875 Willow Pass,0.9159,1.132,-19.07%
3900-Allouez - Green Bay,1.3936,1.724,-19.17%
2812-Clarksville - 2700 St Bethlehm,1.5027,1.859,-19.18%
5635-Highlands Ranch,1.1218,1.392,-19.38%
8516-Cornelius - Adair,0.9888,1.227,-19.39%
2254-Hinckley - Bennetts Corners,1.2646,1.573,-19.62%
2853-Newport - Main,1.1805,1.469,-19.62%
8157-Vancouver - Salmon Creek,1.2951,1.612,-19.68%
8754-Bend - Cascade Lakes,1.1453,1.429,-19.84%
8901-Pacific Palisades - Sunset CNB,0.9124,1.138,-19.84%
4714-Bridgeview,1.3796,1.723,-19.91%
6477-Nevada - W Cherry,0.4807,0.601,-20.07%
8949-San Leandro - East 14th,0.6906,0.865,-20.15%
2391-Van Wert - Shannon,0.6148,0.770,-20.17%
9660-Frederick - DCS,0.7662,0.960,-20.21%
6659-Little Rock - Rodney Parham,1.6070,2.014,-20.22%
1928-Prior Lake,2.2209,2.784,-20.24%
8270-Pasco - N 10th,1.1895,1.493,-20.33%
9295-Fremont - Fremont Blvd,1.0106,1.271,-20.49%
3955-Madison - Fitchburg,0.9214,1.160,-20.54%
9143-Sacramento - Greenhaven,1.1061,1.393,-20.58%
8191-Bonney Lake,1.1827,1.490,-20.62%
2216-Fairfield - Dixie Hwy Route 4,1.8249,2.300,-20.67%
8030-Great Falls,1.0668,1.345,-20.67%
9950-Yorba Linda - 19750 YL,1.6179,2.040,-20.69%
4703-Bensenville,1.0597,1.337,-20.73%
8284-Reardan - Broadway & Aspen,1.1509,1.454,-20.83%
6476-Nevada - E Cherry,1.1868,1.499,-20.85%
4265-Taylorville - West Market,0.7865,0.996,-21.03%
6549-St. Louis - Lindell Blvd,1.3454,1.704,-21.04%
5664-Littleton - Southglenn,0.9081,1.152,-21.15%
2360-Sandusky - Perkins,0.7808,0.992,-21.33%
8281-Puyallup - S Meridian,1.2437,1.582,-21.37%
8406-Yakima - W Yakima,1.3562,1.728,-21.50%
9600-Tempe - S. Kyrene,2.3614,3.011,-21.57%
7736-Lincoln - Lincolnshire,1.0270,1.311,-21.69%
2311-Miamitown - State Route 128,2.0717,2.646,-21.71%
9315-San Francisco - Castro,1.4870,1.900,-21.75%
1470-Hopkins,0.6585,0.843,-21.84%
8235-Kent - Covington,0.8188,1.050,-22.00%
3688-Humboldt - Sumner Ave,0.4643,0.596,-22.09%
9290-Daly City - Serramonte,0.7830,1.005,-22.11%
1261-Maple Grove - Relocation,1.2493,1.607,-22.26%
1769-Stillwater - 213 Chestnut,0.8661,1.118,-22.50%
2201-Doylestown - North Portage,0.6554,0.847,-22.60%
9655-Rocklin - Technology Way,0.4509,0.583,-22.65%
6661-Malvern - Main,2.1099,2.739,-22.97%
7763-Omaha - Eagle Run,1.4946,1.941,-23.01%
3332-Mankato - Raintree,1.3320,1.731,-23.06%
8231-Kennewick - Columbia Center,1.6416,2.137,-23.17%
6533-St. Joseph - Belt & Pickett,1.4568,1.896,-23.18%
2370-Solon - Som Center,1.6022,2.090,-23.33%
9104-Hayward - B Street,0.2458,0.321,-23.41%
9326-San Jose - Almaden,0.4407,0.576,-23.52%
4021-Sheboygan - Southwest,0.7357,0.962,-23.54%
2364-Shelby - West Main,0.9323,1.220,-23.58%
8279-Pullman - 345 E Main,0.0125,0.016,-23.58%
6358-Camdenton - Hwy 54,1.7472,2.288,-23.64%
2291-Logan - West Main,0.8494,1.113,-23.69%
4146-Carlyle - 12 & Mulliken DU,0.8401,1.104,-23.94%
2061-Cambridge - Wheeling (Main),0.6035,0.795,-24.13%
3643-Chariton - Court Ave DU,3.2174,4.246,-24.23%
4558-Owensboro - New Hartford,1.7324,2.287,-24.24%
8806-Worland,0.6824,0.901,-24.24%
3934-Germantown - City Hwy Q,1.1254,1.486,-24.25%
8735-Troutdale - Cherry Park Road,1.7792,2.350,-24.29%
4791-Chicago - S Wacker Dr,0.7676,1.015,-24.36%
5926-Orofino - Michigan,0.9722,1.286,-24.40%
8215-Ferndale - Main,0.3604,0.477,-24.46%
3906-Bayside - Brown Deer Rd,0.8808,1.168,-24.59%
5154-Aurora - Galena St,2.2455,2.979,-24.62%
3931-Franklin - Drexel,1.2847,1.711,-24.90%
5974-Hailey,0.8442,1.126,-25.01%
4622-Hodgenville - Walters Ave,0.7211,0.964,-25.17%
6298-Jennings - Westfall,0.8149,1.089,-25.19%
1341-Brooklyn Park,1.3197,1.768,-25.34%
9717-Los Alamitos - Ball Road,0.6512,0.873,-25.38%
4438-Carrollton - Highland Avenue,0.7344,0.985,-25.45%
6380-Crystal City - Bailey,1.7962,2.410,-25.48%
4199-Highwood - Highwood Avenue,1.3851,1.860,-25.53%
2170-Columbus - Cleveland Avenue,1.2148,1.632,-25.55%
8615-Portland - Cedar Mill,1.0924,1.471,-25.75%
8293-Renton - Spring Glen,1.3250,1.789,-25.93%
5881-Coeur d'Alene - Fourth Street,1.1762,1.590,-26.02%
4798-West Chicago,2.8196,3.818,-26.15%
3651-Council Bluffs - Mall of the Bluffs,2.0123,2.726,-26.17%
8234-Kent - Benson Center,0.9674,1.312,-26.28%
9226-Santa Monica - Wilshire,0.7525,1.030,-26.94%
3715-Red Oak - Reed Street,0.9079,1.247,-27.20%
8344-Spokane - Main & DU,0.0414,0.057,-27.58%
5634-Golden,1.2924,1.785,-27.61%
8558-King City - 116th Avenue,1.2663,1.752,-27.73%
3210-Willmar,0.4716,0.653,-27.74%
9227-West Hollywood - Santa Monica,0.4998,0.693,-27.85%
8482-Albany - Santiam,1.2487,1.733,-27.97%
6302-Mitchell,0.7342,1.021,-28.06%
3177-Fergus Falls - Lincoln Ave,0.7135,0.992,-28.10%
2064-Cedarville - 64 North Main,1.3570,1.889,-28.18%
6554-St. Louis - North Kingshighway,1.2594,1.758,-28.35%
1510-Little Canada,1.0897,1.522,-28.39%
1460-St. Paul - Highland,1.0880,1.520,-28.41%
6406-High Ridge - High Ridge Blvd,0.8267,1.160,-28.75%
4757-Lincolnwood,0.6452,0.907,-28.85%
2420-Yellow Springs - Xenia Avenue,0.6074,0.854,-28.86%
8184-Bellingham - Meridian DU,4.6008,6.479,-28.99%
8611-Portland - Argay Square,1.0170,1.433,-29.03%
7110-Minot - South Autobank,1.9470,2.744,-29.05%
4453-Elkhorn City - Russell,1.3149,1.856,-29.15%
5545-Westminster - 120th & Huron,1.3411,1.893,-29.16%
8239-Kirkland - Central Way,0.3641,0.518,-29.67%
6644-Hot Springs - Main,3.2620,4.641,-29.72%
5947-St. Maries - N. Eighth,0.5410,0.772,-29.92%
4096-Cicero - W Cermak,2.1620,3.094,-30.12%
8666-Keizer - Main,1.1341,1.624,-30.17%
5563-Littleton - Ken Caryl,1.1480,1.649,-30.37%
8328-Seattle - Rainier Valley,0.9723,1.397,-30.41%
5872-Buhl - Main,0.6981,1.005,-30.55%
8110-Missoula - West Downtown DU,1.3323,1.923,-30.72%
4789-Skokie - Golf,1.6552,2.390,-30.75%
8928-Woodland Hills - Topanga Canyn,0.9777,1.412,-30.78%
3153-Rochester - West Circle Dr,0.9779,1.415,-30.89%
2857-Rogersville - Hwy 66,1.8276,2.650,-31.03%
4148-Centralia - North Elm,1.7007,2.475,-31.29%
8208-Everett - Hewitt Commerce Bldg,0.9353,1.366,-31.53%
9314-San Francisco - BayView,0.2905,0.425,-31.61%
6527-St. Charles - West Clay,2.5757,3.780,-31.85%
8543-Gresham - East Powell,1.0256,1.515,-32.32%
5932-Pocatello - N Yellowstone,0.5917,0.881,-32.81%
4588-Scottsville - East Main,1.1737,1.748,-32.86%
8197-Camas - NE Adams,1.2409,1.850,-32.91%
6859-Olathe - Data Center,12.8328,19.184,-33.11%
7532-Prescott - Hwy 69,0.8689,1.300,-33.15%
2242-Hamilton - High & Journal DU,1.6355,2.447,-33.17%
4765-Morton Grove,1.0863,1.627,-33.23%
8544-Halfway - Commercial & Main,0.3834,0.575,-33.34%
6426-Kansas City - Armour,0.0038,0.006,-33.43%
8610-Portland - 82nd & Causey,1.0700,1.616,-33.77%
8587-Monmouth - E. Main,1.3703,2.072,-33.88%
7815-Lincoln - 10th & Hwy 2,1.5777,2.387,-33.90%
8178-Bellevue - Factoria,0.4820,0.731,-34.03%
6898-Topeka - 21st Street,1.2426,1.889,-34.22%
1659-Wayzata,0.5828,0.891,-34.56%
7620-Gallup - Hill,1.3338,2.046,-34.82%
9238-San Diego - Pacific Beach,1.1367,1.745,-34.85%
9296-Half Moon Bay,0.6944,1.068,-34.99%
3050-Brainerd,0.8312,1.283,-35.21%
4008-Portage - Wisconsin Street,0.4960,0.775,-35.99%
4778-Orland Hills,1.0902,1.707,-36.12%
7803-Beatrice,1.0099,1.582,-36.15%
8242-Lacey - Martin,1.1111,1.744,-36.29%
4054-Wisconsin Rapids - Johnson DU,2.2250,3.508,-36.58%
6084-Sioux Falls - West,0.5543,0.881,-37.09%
7638-Taos - Main,0.0983,0.157,-37.26%
8663-Salem - Center & Lancaster,0.9307,1.485,-37.31%
4449-Danville - 4th Street,1.1008,1.771,-37.83%
4017-Schofield - Weston,0.8869,1.430,-37.97%
7600-Albuquerque - Carlisle,0.4252,0.686,-38.01%
8565-Lake Oswego - Lake Grove,1.2659,2.043,-38.03%
8593-North Bend - Virginia,0.3553,0.576,-38.34%
6511-Shelbina - Macon,0.4866,0.794,-38.73%
8590-Newberg - Portland Road,1.1761,1.921,-38.79%
8640-Portland - Peninsula,0.6260,1.025,-38.91%
6445-Kirkwood - 470 N. Kirkwood,0.3889,0.641,-39.36%
6871-Kansas City - Parallel Pkwy,2.2540,3.748,-39.87%
5856-Boise - Franklin Road,0.6458,1.097,-41.11%
5546-La Junta,0.3316,0.567,-41.53%
7745-Norfolk - Main,0.9371,1.605,-41.61%
6509-Sedalia - Main,0.7079,1.216,-41.80%
3665-Des Moines - Drake Drive-Up,1.2554,2.184,-42.53%
3640-Centerville - 18th St DU,0.6281,1.099,-42.83%
2259-Hudson - North Main,0.4290,0.752,-42.94%
4790-Skokie - Dempster,0.6311,1.110,-43.13%
3338-Moorhead,2.0104,3.536,-43.15%
2160-Cleveland - Renaissance,0.0405,0.071,-43.21%
2820-Decherd - 1910 Decherd Blvd,0.5530,0.976,-43.33%
8222-Granger - Main,0.8306,1.467,-43.38%
8601-Portland - 102nd & Washington,1.0278,1.816,-43.41%
4479-Irvine - Broadway,0.9149,1.622,-43.58%
8341-Sequim - Washington & DU,1.3505,2.396,-43.63%
5770-Carson City - Capitol,1.0047,1.783,-43.64%
8671-Salem - Silverton & Lancaster,1.1964,2.126,-43.71%
3675-Dewitt - 11th Street,0.6080,1.082,-43.81%
9021-Escondido - North County,0.3783,0.680,-44.32%
8804-Riverton,0.3163,0.579,-45.41%
2382-Sugar Creek - Factory,0.6691,1.245,-46.27%
4231-O'Fallon - Lincoln Avenue,0.3734,0.697,-46.45%
8826-Gillette,0.9738,1.833,-46.89%
8660-Roseburg - SE Main & Drive-Up,0.6371,1.203,-47.04%
5180-Littleton - Centennial,0.8007,1.515,-47.14%
1904-Chisago City,0.9072,1.728,-47.51%
1129-Southampton - Hampton Rd,0.4670,0.907,-48.48%
6386-Eldon - Hwy 54 & Aurora,0.4037,0.786,-48.62%
4508-Louisville - Hurstbourne,1.0906,2.160,-49.52%
3998-North Fond du Lac,0.8505,1.685,-49.53%
8512-Clatskanie - Evergreen Shoppin,0.5007,1.000,-49.93%
5124-Edwards - WSB,0.3966,0.792,-49.93%
9301-Menlo Park,0.2226,0.451,-50.65%
3110-Fairmont,0.4525,0.930,-51.35%
8896-Newport Beach - Westcliff,0.8540,1.799,-52.54%
4352-Richmond - 8th Street Drive-up,2.0386,4.360,-53.25%
5725-Salt Lake City - South Salt Lk,1.1908,2.551,-53.33%
6504-Salisbury - Macon,0.5125,1.108,-53.73%
4018-Sheboygan - Center Avenue DU,3.2417,7.021,-53.83%
4053-Wisconsin Rapids - Grand Ave,0.4550,1.000,-54.50%
8008-Glendive - Bell HB,0.3763,0.828,-54.55%
4534-Mayfield - South 7th,0.6109,1.370,-55.41%
6861-Shawnee - Shawnee Station,0.5396,1.215,-55.58%
5843-Blackfoot - S Ash,0.6826,1.546,-55.84%
8820-Green River - Hutton Hts,0.5268,1.219,-56.79%
9960-Rancho Cucamonga - Terra Vista,0.5311,1.237,-57.06%
8581-Milton-Freewater,0.7405,1.736,-57.34%
9495-Cupertino - Stevens Creek,0.2360,0.577,-59.07%
7816-Hastings,0.8174,2.056,-60.24%
8019-Fort Benton - Front Street HB,0.3974,1.053,-62.26%
4023-Siren - Hwy 35-70,0.4238,1.142,-62.90%
6340-Affton - Heege,0.4350,1.201,-63.79%
5628-Denver - Five Points,1.0793,2.991,-63.91%
8201-Connell - S. Columbia,0.4719,1.316,-64.13%
6468-Mexico - Western,1.6238,4.587,-64.60%
8022-Chester - Adams HB,0.4153,1.197,-65.32%
9051-San Diego - Downtown Branch,0.0331,0.100,-66.81%
8970-San Diego - Mission Valley,0.1310,0.404,-67.56%
8684-Springfield - Main,0.3049,0.947,-67.79%
4006-Portage - Edgewater Drive-up,0.2247,0.700,-67.89%
8023-Shelby - Main Street HB,0.4594,1.464,-68.63%
6404-Hermitage - Spring & Polk,0.2304,0.797,-71.09%
4010-Brown Deer,0.3562,1.413,-74.80%
9357-Pasadena - Colorado Blvd,0.2309,1.034,-77.67%
8866-Gardena - 1600 W Redondo Beach,0.1380,0.770,-82.09%
4550-Owensboro - 700 Frederica,0.2567,1.474,-82.58%
8608-Portland - 42nd & Alberta,0.1382,1.036,-86.66%
4726-Chicago - Commercial,0.1890,2.434,-92.24%
9181-Avalon - Crescent,0.0080,0.116,-93.06%
5143-Vail,0.0128,0.472,-97.29%
4727-Chicago - Commercial Drive Up,0.0000,0.547,-100.00%
8680-Sheridan - South Bridge,0.0000,1.282,-100.00%
9413-Oxnard - Main,0.0000,0.156,-100.00%
